year,period,sector,role_family,role,occupation_proxy,historical_role_status,ict_employment,ict_employment_share_pct,total_employment,labour_force_participation_rate_pct,employment_to_population_ratio_pct,unemployment_rate_pct,tertiary_employment_count,role_demand_index,role_share_within_ict_pct,role_employment_proxy,emergence_year,data_basis,synthetic_flag,target_role_demand_index_1y,target_role_demand_index_2y,target_role_demand_6m,note_6m,role_encoded,years_since_emergence,trend_position,share_lag1,share_change_1y,share_change_2y,share_accel,share_growth_rate,target_share_1y,sample_weight
2010,annual,ICT,Software Development,Backend Developer,Software developers / applications programmers,historical proxy only,5625.0,0.25,2250000.0,26.5,20.7,22.0,950000.0,1.81,0.412,23.2,2016,"NISR EICV/Census estimates, scaled to LFS 2017 anchor",1,1.59,1.46,,No sub-annual data available,0,0,0.0,0.0,0.0,0.0,0.0,0.0,0.368,0.023517745856009107
2011,annual,ICT,Software Development,Backend Developer,Software developers / applications programmers,historical proxy only,7440.0,0.32,2325000.0,27.0,21.3,21.5,1000000.0,1.59,0.368,27.4,2016,"NISR EICV/Census estimates, scaled to LFS 2017 anchor",1,1.46,1.38,,No sub-annual data available,0,0,0.0625,0.412,-0.043999999999999984,0.0,0.0,-0.11956521739130431,0.335,0.0301973834223185
2012,annual,ICT,Software Development,Backend Developer,Software developers / applications programmers,historical proxy only,9600.0,0.4,2400000.0,27.5,21.7,21.0,1060000.0,1.46,0.335,32.2,2016,"NISR EICV/Census estimates, scaled to LFS 2017 anchor",1,1.38,1.34,,No sub-annual data available,0,0,0.125,0.368,-0.032999999999999974,-0.07699999999999996,0.01100000000000001,-0.09850746268656708,0.314,0.03877420783172201
2013,annual,ICT,Software Development,Backend Developer,Software developers / applications programmers,historical proxy only,12375.0,0.5,2475000.0,28.0,22.3,20.5,1120000.0,1.38,0.314,38.9,2016,"NISR EICV/Census estimates, scaled to LFS 2017 anchor",1,1.34,1.3,,No sub-annual data available,0,0,0.1875,0.335,-0.02100000000000002,-0.05399999999999999,0.011999999999999955,-0.0668789808917198,0.266,0.049787068367863944
2014,annual,ICT,Software Development,Backend Developer,Software developers / applications programmers,historical proxy only,15810.0,0.62,2550000.0,28.5,22.8,20.0,1190000.0,1.34,0.266,42.1,2016,"NISR EICV/Census estimates, scaled to LFS 2017 anchor",1,1.3,40.79,,No sub-annual data available,0,0,0.25,0.314,-0.04799999999999999,-0.069,-0.02699999999999997,-0.1804511278195488,0.258,0.06392786120670757
2015,annual,ICT,Software Development,Backend Developer,Software developers / applications programmers,historical proxy only,19988.0,0.76,2630000.0,29.2,23.7,19.0,1270000.0,1.3,0.258,51.6,2016,"NISR EICV/Census estimates, scaled to LFS 2017 anchor",1,40.79,44.44,,No sub-annual data available,0,0,0.3125,0.266,-0.008000000000000007,-0.055999999999999994,0.03999999999999998,-0.031007751937984523,7.426,0.0820849986238988
2016,annual,ICT,Software Development,Backend Developer,Software developers / applications programmers,trackable analytical role,25745.0,0.95,2710000.0,30.0,24.6,18.0,1370000.0,40.79,7.426,1911.8,2016,"NISR EICV/Census estimates, scaled to LFS 2017 anchor",1,44.44,47.79,,No sub-annual data available,0,0,0.375,0.258,7.168,7.16,7.176,0.9652572044169135,7.57,0.10539922456186433
2017,annual,ICT,Software Development,Backend Developer,Software developers / applications programmers,trackable analytical role,43414.0,1.45,2989249.0,31.1,25.7,17.3,1521482.0,44.44,7.57,3286.4,2016,NISR Labour Force Survey microdata,1,47.79,50.73,,No sub-annual data available,0,1,0.4375,7.426,0.14400000000000013,7.312,-7.024,0.01902245706737122,7.432,0.1353352832366127
2018,annual,ICT,Software Development,Backend Developer,Software developers / applications programmers,trackable analytical role,69289.0,2.16,3207336.0,31.8,27.0,15.1,1667810.0,47.79,7.432,5149.6,2016,NISR Labour Force Survey microdata,1,50.73,52.45,,No sub-annual data available,0,2,0.5,7.57,-0.1379999999999999,0.006000000000000227,-0.28200000000000003,-0.01856835306781484,7.503,0.17377394345044514
2019,annual,ICT,Software Development,Backend Developer,Software developers / applications programmers,trackable analytical role,96982.0,2.96,3273921.0,31.6,26.8,15.2,1762786.0,50.73,7.503,7276.6,2016,NISR Labour Force Survey microdata,1,52.45,53.14,,No sub-annual data available,0,3,0.5625,7.432,0.07099999999999973,-0.06700000000000017,0.20899999999999963,0.009462881514061007,7.63,0.22313016014842982
2020,annual,ICT,Software Development,Backend Developer,Software developers / applications programmers,trackable analytical role,91821.0,2.63,3495187.0,34.1,28.0,17.9,1810012.0,52.45,7.63,7005.9,2016,NISR Labour Force Survey microdata,1,53.14,53.84,,No sub-annual data available,0,4,0.625,7.503,0.12699999999999978,0.1979999999999995,0.05600000000000005,0.016644823066841386,7.667,0.2865047968601901
2021,annual,ICT,Software Development,Backend Developer,Software developers / applications programmers,trackable analytical role,54640.0,1.65,3308800.0,32.8,25.9,21.1,1534993.0,53.14,7.667,4189.2,2016,NISR Labour Force Survey microdata,1,53.84,55.16,,No sub-annual data available,0,5,0.6875,7.63,0.03699999999999992,0.1639999999999997,-0.08999999999999986,0.0048258771357766956,7.556,0.36787944117144233
2022,annual,ICT,Software Development,Backend Developer,Software developers / applications programmers,trackable analytical role,85785.0,2.4,3568275.0,34.4,27.3,20.7,1658214.0,53.84,7.556,6481.9,2016,NISR Labour Force Survey microdata,1,55.16,56.42,,No sub-annual data available,0,6,0.75,7.667,-0.11099999999999977,-0.07399999999999984,-0.1479999999999997,-0.014690312334568524,7.488,0.4723665527410147
2023,annual,ICT,Software Development,Backend Developer,Software developers / applications programmers,trackable analytical role,136289.0,3.42,3985164.0,36.1,29.8,17.3,1981482.0,55.16,7.488,10205.3,2016,NISR Labour Force Survey microdata,1,56.42,56.69,,No sub-annual data available,0,7,0.8125,7.556,-0.06799999999999962,-0.17899999999999938,0.04300000000000015,-0.00908119658119653,7.566,0.6065306597126334
2024,annual,ICT,Software Development,Backend Developer,Software developers / applications programmers,trackable analytical role,180399.0,4.01,4501393.0,38.7,33.0,14.9,2366916.0,56.42,7.566,13649.0,2016,NISR Labour Force Survey microdata,1,56.69,81.5,,No sub-annual data available,0,8,0.875,7.488,0.0779999999999994,0.009999999999999787,0.14599999999999902,0.010309278350515386,7.654,0.7788007830714049
2025,annual,ICT,Software Development,Backend Developer,Software developers / applications programmers,trackable analytical role,213208.0,4.4,4846623.0,39.6,34.7,12.4,2593752.0,56.69,7.654,16318.9,2016,NISR Labour Force Survey microdata,1,81.5,,,No sub-annual data available,0,9,0.9375,7.566,0.08800000000000008,0.16599999999999948,0.010000000000000675,0.01149725633655606,8.992,1.0
2010,annual,ICT,Cybersecurity,Cybersecurity Analyst / Security Engineer,Related ICT professional/technician categories (proxy),historical proxy only,5625.0,0.25,2250000.0,26.5,20.7,22.0,950000.0,0.27,0.062,3.5,2018,"NISR EICV/Census estimates, scaled to LFS 2017 anchor",1,0.23,0.21,,No sub-annual data available,1,0,0.0,0.0,0.0,0.0,0.0,0.0,0.054,0.023517745856009107
2011,annual,ICT,Cybersecurity,Cybersecurity Analyst / Security Engineer,Related ICT professional/technician categories (proxy),historical proxy only,7440.0,0.32,2325000.0,27.0,21.3,21.5,1000000.0,0.23,0.054,4.0,2018,"NISR EICV/Census estimates, scaled to LFS 2017 anchor",1,0.21,0.21,,No sub-annual data available,1,0,0.0625,0.062,-0.008,0.0,0.0,-0.14814814814814814,0.049,0.0301973834223185
2012,annual,ICT,Cybersecurity,Cybersecurity Analyst / Security Engineer,Related ICT professional/technician categories (proxy),historical proxy only,9600.0,0.4,2400000.0,27.5,21.7,21.0,1060000.0,0.21,0.049,4.7,2018,"NISR EICV/Census estimates, scaled to LFS 2017 anchor",1,0.21,0.2,,No sub-annual data available,1,0,0.125,0.054,-0.0049999999999999975,-0.012999999999999998,0.0030000000000000027,-0.10204081632653056,0.047,0.03877420783172201
2013,annual,ICT,Cybersecurity,Cybersecurity Analyst / Security Engineer,Related ICT professional/technician categories (proxy),historical proxy only,12375.0,0.5,2475000.0,28.0,22.3,20.5,1120000.0,0.21,0.047,5.8,2018,"NISR EICV/Census estimates, scaled to LFS 2017 anchor",1,0.2,0.2,,No sub-annual data available,1,0,0.1875,0.049,-0.0020000000000000018,-0.006999999999999999,0.0029999999999999957,-0.04255319148936174,0.04,0.049787068367863944
2014,annual,ICT,Cybersecurity,Cybersecurity Analyst / Security Engineer,Related ICT professional/technician categories (proxy),historical proxy only,15810.0,0.62,2550000.0,28.5,22.8,20.0,1190000.0,0.2,0.04,6.3,2018,"NISR EICV/Census estimates, scaled to LFS 2017 anchor",1,0.2,0.19,,No sub-annual data available,1,0,0.25,0.047,-0.006999999999999999,-0.009000000000000001,-0.0049999999999999975,-0.175,0.039,0.06392786120670757
2015,annual,ICT,Cybersecurity,Cybersecurity Analyst / Security Engineer,Related ICT professional/technician categories (proxy),historical proxy only,19988.0,0.76,2630000.0,29.2,23.7,19.0,1270000.0,0.2,0.039,7.8,2018,"NISR EICV/Census estimates, scaled to LFS 2017 anchor",1,0.19,0.18,,No sub-annual data available,1,0,0.3125,0.04,-0.0010000000000000009,-0.008,0.005999999999999998,-0.025641025641025664,0.034,0.0820849986238988
2016,annual,ICT,Cybersecurity,Cybersecurity Analyst / Security Engineer,Related ICT professional/technician categories (proxy),historical proxy only,25745.0,0.95,2710000.0,30.0,24.6,18.0,1370000.0,0.19,0.034,8.8,2018,"NISR EICV/Census estimates, scaled to LFS 2017 anchor",1,0.18,5.92,,No sub-annual data available,1,0,0.375,0.039,-0.0049999999999999975,-0.005999999999999998,-0.003999999999999997,-0.1470588235294117,0.031,0.10539922456186433
2017,annual,ICT,Cybersecurity,Cybersecurity Analyst / Security Engineer,Related ICT professional/technician categories (proxy),historical proxy only,43414.0,1.45,2989249.0,31.1,25.7,17.3,1521482.0,0.18,0.031,13.5,2018,NISR Labour Force Survey microdata,1,5.92,7.17,,No sub-annual data available,1,0,0.4375,0.034,-0.0030000000000000027,-0.008,0.001999999999999995,-0.09677419354838718,0.92,0.1353352832366127
2018,annual,ICT,Cybersecurity,Cybersecurity Analyst / Security Engineer,Related ICT professional/technician categories (proxy),trackable analytical role,69289.0,2.16,3207336.0,31.8,27.0,15.1,1667810.0,5.92,0.92,637.5,2018,NISR Labour Force Survey microdata,1,7.17,8.07,,No sub-annual data available,1,0,0.5,0.031,0.889,0.886,0.892,0.9663043478260869,1.06,0.17377394345044514
2019,annual,ICT,Cybersecurity,Cybersecurity Analyst / Security Engineer,Related ICT professional/technician categories (proxy),trackable analytical role,96982.0,2.96,3273921.0,31.6,26.8,15.2,1762786.0,7.17,1.06,1028.0,2018,NISR Labour Force Survey microdata,1,8.07,8.75,,No sub-annual data available,1,1,0.5625,0.92,0.14,1.0290000000000001,-0.749,0.1320754716981132,1.174,0.22313016014842982
2020,annual,ICT,Cybersecurity,Cybersecurity Analyst / Security Engineer,Related ICT professional/technician categories (proxy),trackable analytical role,91821.0,2.63,3495187.0,34.1,28.0,17.9,1810012.0,8.07,1.174,1078.0,2018,NISR Labour Force Survey microdata,1,8.75,9.6,,No sub-annual data available,1,2,0.625,1.06,0.11399999999999988,0.2539999999999999,-0.026000000000000134,0.0971039182282793,1.263,0.2865047968601901
2021,annual,ICT,Cybersecurity,Cybersecurity Analyst / Security Engineer,Related ICT professional/technician categories (proxy),trackable analytical role,54640.0,1.65,3308800.0,32.8,25.9,21.1,1534993.0,8.75,1.263,690.1,2018,NISR Labour Force Survey microdata,1,9.6,10.73,,No sub-annual data available,1,3,0.6875,1.174,0.08899999999999997,0.20299999999999985,-0.02499999999999991,0.07046714172604907,1.347,0.36787944117144233
2022,annual,ICT,Cybersecurity,Cybersecurity Analyst / Security Engineer,Related ICT professional/technician categories (proxy),trackable analytical role,85785.0,2.4,3568275.0,34.4,27.3,20.7,1658214.0,9.6,1.347,1155.5,2018,NISR Labour Force Survey microdata,1,10.73,11.73,,No sub-annual data available,1,4,0.75,1.263,0.08400000000000007,0.17300000000000004,-0.004999999999999893,0.06236080178173725,1.457,0.4723665527410147
2023,annual,ICT,Cybersecurity,Cybersecurity Analyst / Security Engineer,Related ICT professional/technician categories (proxy),trackable analytical role,136289.0,3.42,3985164.0,36.1,29.8,17.3,1981482.0,10.73,1.457,1985.7,2018,NISR Labour Force Survey microdata,1,11.73,12.26,,No sub-annual data available,1,5,0.8125,1.347,0.1100000000000001,0.19400000000000017,0.026000000000000023,0.07549759780370631,1.573,0.6065306597126334
2024,annual,ICT,Cybersecurity,Cybersecurity Analyst / Security Engineer,Related ICT professional/technician categories (proxy),trackable analytical role,180399.0,4.01,4501393.0,38.7,33.0,14.9,2366916.0,11.73,1.573,2837.7,2018,NISR Labour Force Survey microdata,1,12.26,15.3,,No sub-annual data available,1,6,0.875,1.457,0.11599999999999988,0.22599999999999998,0.005999999999999783,0.07374443738080094,1.655,0.7788007830714049
2025,annual,ICT,Cybersecurity,Cybersecurity Analyst / Security Engineer,Related ICT professional/technician categories (proxy),trackable analytical role,213208.0,4.4,4846623.0,39.6,34.7,12.4,2593752.0,12.26,1.655,3528.6,2018,NISR Labour Force Survey microdata,1,15.3,,,No sub-annual data available,1,7,0.9375,1.573,0.08200000000000007,0.19799999999999995,-0.03399999999999981,0.04954682779456197,1.688,1.0
2010,annual,ICT,Data & Analytics,Data Analyst,ICT professionals / analysts (proxy),historical proxy only,5625.0,0.25,2250000.0,26.5,20.7,22.0,950000.0,1.11,0.252,14.2,2017,"NISR EICV/Census estimates, scaled to LFS 2017 anchor",1,0.95,0.9,,No sub-annual data available,2,0,0.0,0.0,0.0,0.0,0.0,0.0,0.22,0.023517745856009107
2011,annual,ICT,Data & Analytics,Data Analyst,ICT professionals / analysts (proxy),historical proxy only,7440.0,0.32,2325000.0,27.0,21.3,21.5,1000000.0,0.95,0.22,16.4,2017,"NISR EICV/Census estimates, scaled to LFS 2017 anchor",1,0.9,0.89,,No sub-annual data available,2,0,0.0625,0.252,-0.032,0.0,0.0,-0.14545454545454545,0.207,0.0301973834223185
2012,annual,ICT,Data & Analytics,Data Analyst,ICT professionals / analysts (proxy),historical proxy only,9600.0,0.4,2400000.0,27.5,21.7,21.0,1060000.0,0.9,0.207,19.9,2017,"NISR EICV/Census estimates, scaled to LFS 2017 anchor",1,0.89,0.86,,No sub-annual data available,2,0,0.125,0.22,-0.013000000000000012,-0.04500000000000001,0.01899999999999999,-0.06280193236714982,0.202,0.03877420783172201
2013,annual,ICT,Data & Analytics,Data Analyst,ICT professionals / analysts (proxy),historical proxy only,12375.0,0.5,2475000.0,28.0,22.3,20.5,1120000.0,0.89,0.202,25.0,2017,"NISR EICV/Census estimates, scaled to LFS 2017 anchor",1,0.86,0.79,,No sub-annual data available,2,0,0.1875,0.207,-0.004999999999999977,-0.017999999999999988,0.008000000000000035,-0.024752475247524636,0.17,0.049787068367863944
2014,annual,ICT,Data & Analytics,Data Analyst,ICT professionals / analysts (proxy),historical proxy only,15810.0,0.62,2550000.0,28.5,22.8,20.0,1190000.0,0.86,0.17,26.9,2017,"NISR EICV/Census estimates, scaled to LFS 2017 anchor",1,0.79,0.75,,No sub-annual data available,2,0,0.25,0.202,-0.032,-0.03699999999999998,-0.027000000000000024,-0.18823529411764706,0.157,0.06392786120670757
2015,annual,ICT,Data & Analytics,Data Analyst,ICT professionals / analysts (proxy),historical proxy only,19988.0,0.76,2630000.0,29.2,23.7,19.0,1270000.0,0.79,0.157,31.4,2017,"NISR EICV/Census estimates, scaled to LFS 2017 anchor",1,0.75,24.7,,No sub-annual data available,2,0,0.3125,0.17,-0.013000000000000012,-0.04500000000000001,0.01899999999999999,-0.08280254777070072,0.137,0.0820849986238988
2016,annual,ICT,Data & Analytics,Data Analyst,ICT professionals / analysts (proxy),historical proxy only,25745.0,0.95,2710000.0,30.0,24.6,18.0,1370000.0,0.75,0.137,35.3,2017,"NISR EICV/Census estimates, scaled to LFS 2017 anchor",1,24.7,30.48,,No sub-annual data available,2,0,0.375,0.157,-0.01999999999999999,-0.033,-0.0069999999999999785,-0.14598540145985392,4.208,0.10539922456186433
2017,annual,ICT,Data & Analytics,Data Analyst,ICT professionals / analysts (proxy),trackable analytical role,43414.0,1.45,2989249.0,31.1,25.7,17.3,1521482.0,24.7,4.208,1826.9,2017,NISR Labour Force Survey microdata,1,30.48,34.57,,No sub-annual data available,2,0,0.4375,0.137,4.071,4.051,4.090999999999999,0.9674429657794675,4.741,0.1353352832366127
2018,annual,ICT,Data & Analytics,Data Analyst,ICT professionals / analysts (proxy),trackable analytical role,69289.0,2.16,3207336.0,31.8,27.0,15.1,1667810.0,30.48,4.741,3285.0,2017,NISR Labour Force Survey microdata,1,34.57,36.75,,No sub-annual data available,2,1,0.5,4.208,0.5329999999999995,4.603999999999999,-3.5380000000000003,0.11242353933769236,5.113,0.17377394345044514
2019,annual,ICT,Data & Analytics,Data Analyst,ICT professionals / analysts (proxy),trackable analytical role,96982.0,2.96,3273921.0,31.6,26.8,15.2,1762786.0,34.57,5.113,4958.7,2017,NISR Labour Force Survey microdata,1,36.75,39.55,,No sub-annual data available,2,2,0.5625,4.741,0.3720000000000008,0.9050000000000002,-0.1609999999999987,0.07275572071191096,5.345,0.22313016014842982
2020,annual,ICT,Data & Analytics,Data Analyst,ICT professionals / analysts (proxy),trackable analytical role,91821.0,2.63,3495187.0,34.1,28.0,17.9,1810012.0,36.75,5.345,4907.8,2017,NISR Labour Force Survey microdata,1,39.55,44.5,,No sub-annual data available,2,3,0.625,5.113,0.23199999999999932,0.6040000000000001,-0.14000000000000146,0.0434050514499531,5.706,0.2865047968601901
2021,annual,ICT,Data & Analytics,Data Analyst,ICT professionals / analysts (proxy),trackable analytical role,54640.0,1.65,3308800.0,32.8,25.9,21.1,1534993.0,39.55,5.706,3117.8,2017,NISR Labour Force Survey microdata,1,44.5,49.68,,No sub-annual data available,2,4,0.6875,5.345,0.36100000000000065,0.593,0.12900000000000134,0.06326673676831417,6.246,0.36787944117144233
2022,annual,ICT,Data & Analytics,Data Analyst,ICT professionals / analysts (proxy),trackable analytical role,85785.0,2.4,3568275.0,34.4,27.3,20.7,1658214.0,44.5,6.246,5358.1,2017,NISR Labour Force Survey microdata,1,49.68,52.08,,No sub-annual data available,2,5,0.75,5.706,0.54,0.9010000000000007,0.17899999999999938,0.08645533141210375,6.745,0.4723665527410147
2023,annual,ICT,Data & Analytics,Data Analyst,ICT professionals / analysts (proxy),trackable analytical role,136289.0,3.42,3985164.0,36.1,29.8,17.3,1981482.0,49.68,6.745,9192.7,2017,NISR Labour Force Survey microdata,1,52.08,52.58,,No sub-annual data available,2,6,0.8125,6.246,0.49899999999999967,1.0389999999999997,-0.04100000000000037,0.0739807264640474,6.985,0.6065306597126334
2024,annual,ICT,Data & Analytics,Data Analyst,ICT professionals / analysts (proxy),trackable analytical role,180399.0,4.01,4501393.0,38.7,33.0,14.9,2366916.0,52.08,6.985,12600.9,2017,NISR Labour Force Survey microdata,1,52.58,56.6,,No sub-annual data available,2,7,0.875,6.745,0.2400000000000002,0.7389999999999999,-0.25899999999999945,0.03435934144595565,7.1,0.7788007830714049
2025,annual,ICT,Data & Analytics,Data Analyst,ICT professionals / analysts (proxy),trackable analytical role,213208.0,4.4,4846623.0,39.6,34.7,12.4,2593752.0,52.58,7.1,15137.8,2017,NISR Labour Force Survey microdata,1,56.6,,,No sub-annual data available,2,8,0.9375,6.985,0.11499999999999932,0.35499999999999954,-0.1250000000000009,0.016197183098591455,6.242,1.0
2010,annual,ICT,Data & Analytics,Data Engineer,Database/network professionals (proxy),historical proxy only,5625.0,0.25,2250000.0,26.5,20.7,22.0,950000.0,0.58,0.132,7.4,2019,"NISR EICV/Census estimates, scaled to LFS 2017 anchor",1,0.51,0.48,,No sub-annual data available,3,0,0.0,0.0,0.0,0.0,0.0,0.0,0.117,0.023517745856009107
2011,annual,ICT,Data & Analytics,Data Engineer,Database/network professionals (proxy),historical proxy only,7440.0,0.32,2325000.0,27.0,21.3,21.5,1000000.0,0.51,0.117,8.7,2019,"NISR EICV/Census estimates, scaled to LFS 2017 anchor",1,0.48,0.47,,No sub-annual data available,3,0,0.0625,0.132,-0.015,0.0,0.0,-0.1282051282051282,0.111,0.0301973834223185
2012,annual,ICT,Data & Analytics,Data Engineer,Database/network professionals (proxy),historical proxy only,9600.0,0.4,2400000.0,27.5,21.7,21.0,1060000.0,0.48,0.111,10.7,2019,"NISR EICV/Census estimates, scaled to LFS 2017 anchor",1,0.47,0.45,,No sub-annual data available,3,0,0.125,0.117,-0.006000000000000005,-0.021000000000000005,0.008999999999999994,-0.0540540540540541,0.107,0.03877420783172201
2013,annual,ICT,Data & Analytics,Data Engineer,Database/network professionals (proxy),historical proxy only,12375.0,0.5,2475000.0,28.0,22.3,20.5,1120000.0,0.47,0.107,13.2,2019,"NISR EICV/Census estimates, scaled to LFS 2017 anchor",1,0.45,0.42,,No sub-annual data available,3,0,0.1875,0.111,-0.0040000000000000036,-0.010000000000000009,0.0020000000000000018,-0.03738317757009349,0.089,0.049787068367863944
2014,annual,ICT,Data & Analytics,Data Engineer,Database/network professionals (proxy),historical proxy only,15810.0,0.62,2550000.0,28.5,22.8,20.0,1190000.0,0.45,0.089,14.1,2019,"NISR EICV/Census estimates, scaled to LFS 2017 anchor",1,0.42,0.4,,No sub-annual data available,3,0,0.25,0.107,-0.018000000000000002,-0.022000000000000006,-0.013999999999999999,-0.20224719101123598,0.083,0.06392786120670757
2015,annual,ICT,Data & Analytics,Data Engineer,Database/network professionals (proxy),historical proxy only,19988.0,0.76,2630000.0,29.2,23.7,19.0,1270000.0,0.42,0.083,16.6,2019,"NISR EICV/Census estimates, scaled to LFS 2017 anchor",1,0.4,0.41,,No sub-annual data available,3,0,0.3125,0.089,-0.0059999999999999915,-0.023999999999999994,0.01200000000000001,-0.07228915662650592,0.073,0.0820849986238988
2016,annual,ICT,Data & Analytics,Data Engineer,Database/network professionals (proxy),historical proxy only,25745.0,0.95,2710000.0,30.0,24.6,18.0,1370000.0,0.4,0.073,18.8,2019,"NISR EICV/Census estimates, scaled to LFS 2017 anchor",1,0.41,0.42,,No sub-annual data available,3,0,0.375,0.083,-0.010000000000000009,-0.016,-0.004000000000000017,-0.13698630136986314,0.069,0.10539922456186433
2017,annual,ICT,Data & Analytics,Data Engineer,Database/network professionals (proxy),historical proxy only,43414.0,1.45,2989249.0,31.1,25.7,17.3,1521482.0,0.41,0.069,30.0,2019,NISR Labour Force Survey microdata,1,0.42,13.12,,No sub-annual data available,3,0,0.4375,0.073,-0.00399999999999999,-0.013999999999999999,0.006000000000000019,-0.05797101449275347,0.065,0.1353352832366127
2018,annual,ICT,Data & Analytics,Data Engineer,Database/network professionals (proxy),historical proxy only,69289.0,2.16,3207336.0,31.8,27.0,15.1,1667810.0,0.42,0.065,45.0,2019,NISR Labour Force Survey microdata,1,13.12,14.88,,No sub-annual data available,3,0,0.5,0.069,-0.0040000000000000036,-0.007999999999999993,-1.3877787807814457e-17,-0.06153846153846159,1.94,0.17377394345044514
2019,annual,ICT,Data & Analytics,Data Engineer,Database/network professionals (proxy),trackable analytical role,96982.0,2.96,3273921.0,31.6,26.8,15.2,1762786.0,13.12,1.94,1881.5,2019,NISR Labour Force Survey microdata,1,14.88,16.97,,No sub-annual data available,3,0,0.5625,0.065,1.875,1.871,1.879,0.9664948453608248,2.165,0.22313016014842982
2020,annual,ICT,Data & Analytics,Data Engineer,Database/network professionals (proxy),trackable analytical role,91821.0,2.63,3495187.0,34.1,28.0,17.9,1810012.0,14.88,2.165,1987.9,2019,NISR Labour Force Survey microdata,1,16.97,19.79,,No sub-annual data available,3,1,0.625,1.94,0.2250000000000001,2.1,-1.65,0.10392609699769056,2.448,0.2865047968601901
2021,annual,ICT,Data & Analytics,Data Engineer,Database/network professionals (proxy),trackable analytical role,54640.0,1.65,3308800.0,32.8,25.9,21.1,1534993.0,16.97,2.448,1337.6,2019,NISR Labour Force Survey microdata,1,19.79,22.39,,No sub-annual data available,3,2,0.6875,2.165,0.2829999999999999,0.508,0.05799999999999983,0.11560457516339866,2.778,0.36787944117144233
2022,annual,ICT,Data & Analytics,Data Engineer,Database/network professionals (proxy),trackable analytical role,85785.0,2.4,3568275.0,34.4,27.3,20.7,1658214.0,19.79,2.778,2383.1,2019,NISR Labour Force Survey microdata,1,22.39,23.68,,No sub-annual data available,3,3,0.75,2.448,0.33000000000000007,0.613,0.04700000000000015,0.1187904967602592,3.04,0.4723665527410147
2023,annual,ICT,Data & Analytics,Data Engineer,Database/network professionals (proxy),trackable analytical role,136289.0,3.42,3985164.0,36.1,29.8,17.3,1981482.0,22.39,3.04,4143.2,2019,NISR Labour Force Survey microdata,1,23.68,24.4,,No sub-annual data available,3,4,0.8125,2.778,0.262,0.5920000000000001,-0.06800000000000006,0.0861842105263158,3.176,0.6065306597126334
2024,annual,ICT,Data & Analytics,Data Engineer,Database/network professionals (proxy),trackable analytical role,180399.0,4.01,4501393.0,38.7,33.0,14.9,2366916.0,23.68,3.176,5729.5,2019,NISR Labour Force Survey microdata,1,24.4,29.0,,No sub-annual data available,3,5,0.875,3.04,0.13600000000000012,0.39800000000000013,-0.1259999999999999,0.04282115869017636,3.294,0.7788007830714049
2025,annual,ICT,Data & Analytics,Data Engineer,Database/network professionals (proxy),trackable analytical role,213208.0,4.4,4846623.0,39.6,34.7,12.4,2593752.0,24.4,3.294,7023.1,2019,NISR Labour Force Survey microdata,1,29.0,,,No sub-annual data available,3,6,0.9375,3.176,0.11799999999999988,0.254,-0.018000000000000238,0.03582270795385546,3.197,1.0
2010,annual,ICT,Data & Analytics,Data Scientist,ICT professionals (proxy),historical proxy only,5625.0,0.25,2250000.0,26.5,20.7,22.0,950000.0,0.38,0.088,4.9,2020,"NISR EICV/Census estimates, scaled to LFS 2017 anchor",1,0.34,0.33,,No sub-annual data available,4,0,0.0,0.0,0.0,0.0,0.0,0.0,0.078,0.023517745856009107
2011,annual,ICT,Data & Analytics,Data Scientist,ICT professionals (proxy),historical proxy only,7440.0,0.32,2325000.0,27.0,21.3,21.5,1000000.0,0.34,0.078,5.8,2020,"NISR EICV/Census estimates, scaled to LFS 2017 anchor",1,0.33,0.32,,No sub-annual data available,4,0,0.0625,0.088,-0.009999999999999995,0.0,0.0,-0.12820512820512814,0.075,0.0301973834223185
2012,annual,ICT,Data & Analytics,Data Scientist,ICT professionals (proxy),historical proxy only,9600.0,0.4,2400000.0,27.5,21.7,21.0,1060000.0,0.33,0.075,7.2,2020,"NISR EICV/Census estimates, scaled to LFS 2017 anchor",1,0.32,0.3,,No sub-annual data available,4,0,0.125,0.078,-0.0030000000000000027,-0.012999999999999998,0.006999999999999992,-0.040000000000000036,0.072,0.03877420783172201
2013,annual,ICT,Data & Analytics,Data Scientist,ICT professionals (proxy),historical proxy only,12375.0,0.5,2475000.0,28.0,22.3,20.5,1120000.0,0.32,0.072,8.9,2020,"NISR EICV/Census estimates, scaled to LFS 2017 anchor",1,0.3,0.28,,No sub-annual data available,4,0,0.1875,0.075,-0.0030000000000000027,-0.006000000000000005,0.0,-0.041666666666666706,0.059,0.049787068367863944
2014,annual,ICT,Data & Analytics,Data Scientist,ICT professionals (proxy),historical proxy only,15810.0,0.62,2550000.0,28.5,22.8,20.0,1190000.0,0.3,0.059,9.3,2020,"NISR EICV/Census estimates, scaled to LFS 2017 anchor",1,0.28,0.27,,No sub-annual data available,4,0,0.25,0.072,-0.012999999999999998,-0.016,-0.009999999999999995,-0.22033898305084743,0.055,0.06392786120670757
2015,annual,ICT,Data & Analytics,Data Scientist,ICT professionals (proxy),historical proxy only,19988.0,0.76,2630000.0,29.2,23.7,19.0,1270000.0,0.28,0.055,11.0,2020,"NISR EICV/Census estimates, scaled to LFS 2017 anchor",1,0.27,0.28,,No sub-annual data available,4,0,0.3125,0.059,-0.003999999999999997,-0.016999999999999994,0.009000000000000001,-0.07272727272727267,0.049,0.0820849986238988
2016,annual,ICT,Data & Analytics,Data Scientist,ICT professionals (proxy),historical proxy only,25745.0,0.95,2710000.0,30.0,24.6,18.0,1370000.0,0.27,0.049,12.6,2020,"NISR EICV/Census estimates, scaled to LFS 2017 anchor",1,0.28,0.28,,No sub-annual data available,4,0,0.375,0.055,-0.005999999999999998,-0.009999999999999995,-0.0020000000000000018,-0.12244897959183669,0.047,0.10539922456186433
2017,annual,ICT,Data & Analytics,Data Scientist,ICT professionals (proxy),historical proxy only,43414.0,1.45,2989249.0,31.1,25.7,17.3,1521482.0,0.28,0.047,20.4,2020,NISR Labour Force Survey microdata,1,0.28,0.26,,No sub-annual data available,4,0,0.4375,0.049,-0.0020000000000000018,-0.008,0.003999999999999997,-0.04255319148936174,0.043,0.1353352832366127
2018,annual,ICT,Data & Analytics,Data Scientist,ICT professionals (proxy),historical proxy only,69289.0,2.16,3207336.0,31.8,27.0,15.1,1667810.0,0.28,0.043,29.8,2020,NISR Labour Force Survey microdata,1,0.26,8.28,,No sub-annual data available,4,0,0.5,0.047,-0.0040000000000000036,-0.006000000000000005,-0.0020000000000000018,-0.09302325581395358,0.039,0.17377394345044514
2019,annual,ICT,Data & Analytics,Data Scientist,ICT professionals (proxy),historical proxy only,96982.0,2.96,3273921.0,31.6,26.8,15.2,1762786.0,0.26,0.039,37.8,2020,NISR Labour Force Survey microdata,1,8.28,9.9,,No sub-annual data available,4,0,0.5625,0.043,-0.003999999999999997,-0.008,6.938893903907228e-18,-0.10256410256410248,1.204,0.22313016014842982
2020,annual,ICT,Data & Analytics,Data Scientist,ICT professionals (proxy),trackable analytical role,91821.0,2.63,3495187.0,34.1,28.0,17.9,1810012.0,8.28,1.204,1105.5,2020,NISR Labour Force Survey microdata,1,9.9,11.81,,No sub-annual data available,4,0,0.625,0.039,1.165,1.161,1.169,0.967607973421927,1.429,0.2865047968601901
2021,annual,ICT,Data & Analytics,Data Scientist,ICT professionals (proxy),trackable analytical role,54640.0,1.65,3308800.0,32.8,25.9,21.1,1534993.0,9.9,1.429,780.8,2020,NISR Labour Force Survey microdata,1,11.81,13.44,,No sub-annual data available,4,1,0.6875,1.204,0.2250000000000001,1.3900000000000001,-0.94,0.15745276417074883,1.658,0.36787944117144233
2022,annual,ICT,Data & Analytics,Data Scientist,ICT professionals (proxy),trackable analytical role,85785.0,2.4,3568275.0,34.4,27.3,20.7,1658214.0,11.81,1.658,1422.3,2020,NISR Labour Force Survey microdata,1,13.44,14.35,,No sub-annual data available,4,2,0.75,1.429,0.22899999999999987,0.45399999999999996,0.0039999999999997815,0.13811821471652586,1.825,0.4723665527410147
2023,annual,ICT,Data & Analytics,Data Scientist,ICT professionals (proxy),trackable analytical role,136289.0,3.42,3985164.0,36.1,29.8,17.3,1981482.0,13.44,1.825,2487.3,2020,NISR Labour Force Survey microdata,1,14.35,15.1,,No sub-annual data available,4,3,0.8125,1.658,0.16700000000000004,0.3959999999999999,-0.06199999999999983,0.09150684931506851,1.924,0.6065306597126334
2024,annual,ICT,Data & Analytics,Data Scientist,ICT professionals (proxy),trackable analytical role,180399.0,4.01,4501393.0,38.7,33.0,14.9,2366916.0,14.35,1.924,3470.9,2020,NISR Labour Force Survey microdata,1,15.1,17.9,,No sub-annual data available,4,4,0.875,1.825,0.09899999999999998,0.266,-0.06800000000000006,0.051455301455301444,2.039,0.7788007830714049
2025,annual,ICT,Data & Analytics,Data Scientist,ICT professionals (proxy),trackable analytical role,213208.0,4.4,4846623.0,39.6,34.7,12.4,2593752.0,15.1,2.039,4347.3,2020,NISR Labour Force Survey microdata,1,17.9,,,No sub-annual data available,4,5,0.9375,1.924,0.11500000000000021,0.2140000000000002,0.016000000000000236,0.05640019617459549,1.971,1.0
2010,annual,ICT,Data & Database,Database Administrator,Database designers and administrators,trackable analytical role,5625.0,0.25,2250000.0,26.5,20.7,22.0,950000.0,36.51,8.335,468.8,2010,"NISR EICV/Census estimates, scaled to LFS 2017 anchor",1,36.51,37.56,,No sub-annual data available,5,0,0.0,0.0,0.0,0.0,0.0,0.0,8.435,0.023517745856009107
2011,annual,ICT,Data & Database,Database Administrator,Database designers and administrators,trackable analytical role,7440.0,0.32,2325000.0,27.0,21.3,21.5,1000000.0,36.51,8.435,627.6,2010,"NISR EICV/Census estimates, scaled to LFS 2017 anchor",1,37.56,38.17,,No sub-annual data available,5,1,0.0625,8.335,0.09999999999999964,0.0,0.0,0.011855364552459946,8.644,0.0301973834223185
2012,annual,ICT,Data & Database,Database Administrator,Database designers and administrators,trackable analytical role,9600.0,0.4,2400000.0,27.5,21.7,21.0,1060000.0,37.56,8.644,829.8,2010,"NISR EICV/Census estimates, scaled to LFS 2017 anchor",1,38.17,37.41,,No sub-annual data available,5,2,0.125,8.435,0.20899999999999963,0.3089999999999993,0.10899999999999999,0.024178621008792183,8.679,0.03877420783172201
2013,annual,ICT,Data & Database,Database Administrator,Database designers and administrators,trackable analytical role,12375.0,0.5,2475000.0,28.0,22.3,20.5,1120000.0,38.17,8.679,1074.0,2010,"NISR EICV/Census estimates, scaled to LFS 2017 anchor",1,37.41,36.42,,No sub-annual data available,5,3,0.1875,8.644,0.03500000000000014,0.24399999999999977,-0.1739999999999995,0.004032722663901388,7.415,0.049787068367863944
2014,annual,ICT,Data & Database,Database Administrator,Database designers and administrators,trackable analytical role,15810.0,0.62,2550000.0,28.5,22.8,20.0,1190000.0,37.41,7.415,1172.3,2010,"NISR EICV/Census estimates, scaled to LFS 2017 anchor",1,36.42,36.64,,No sub-annual data available,5,4,0.25,8.679,-1.2640000000000002,-1.229,-1.2990000000000004,-0.17046527309507759,7.23,0.06392786120670757
2015,annual,ICT,Data & Database,Database Administrator,Database designers and administrators,trackable analytical role,19988.0,0.76,2630000.0,29.2,23.7,19.0,1270000.0,36.42,7.23,1445.1,2010,"NISR EICV/Census estimates, scaled to LFS 2017 anchor",1,36.64,37.74,,No sub-annual data available,5,5,0.3125,7.415,-0.1849999999999996,-1.4489999999999998,1.0790000000000006,-0.02558782849239275,6.67,0.0820849986238988
2016,annual,ICT,Data & Database,Database Administrator,Database designers and administrators,trackable analytical role,25745.0,0.95,2710000.0,30.0,24.6,18.0,1370000.0,36.64,6.67,1717.2,2010,"NISR EICV/Census estimates, scaled to LFS 2017 anchor",1,37.74,38.13,,No sub-annual data available,5,6,0.375,7.23,-0.5600000000000005,-0.7450000000000001,-0.3750000000000009,-0.08395802098950532,6.429,0.10539922456186433
2017,annual,ICT,Data & Database,Database Administrator,Database designers and administrators,trackable analytical role,43414.0,1.45,2989249.0,31.1,25.7,17.3,1521482.0,37.74,6.429,2791.1,2010,NISR Labour Force Survey microdata,1,38.13,37.2,,No sub-annual data available,5,7,0.4375,6.67,-0.24099999999999966,-0.8010000000000002,0.31900000000000084,-0.03748638979623575,5.93,0.1353352832366127
2018,annual,ICT,Data & Database,Database Administrator,Database designers and administrators,trackable analytical role,69289.0,2.16,3207336.0,31.8,27.0,15.1,1667810.0,38.13,5.93,4108.8,2010,NISR Labour Force Survey microdata,1,37.2,36.35,,No sub-annual data available,5,8,0.5,6.429,-0.49900000000000055,-0.7400000000000002,-0.2580000000000009,-0.08414839797639133,5.503,0.17377394345044514
2019,annual,ICT,Data & Database,Database Administrator,Database designers and administrators,trackable analytical role,96982.0,2.96,3273921.0,31.6,26.8,15.2,1762786.0,37.2,5.503,5336.9,2010,NISR Labour Force Survey microdata,1,36.35,36.8,,No sub-annual data available,5,9,0.5625,5.93,-0.4269999999999996,-0.9260000000000002,0.07200000000000095,-0.07759403961475551,5.288,0.22313016014842982
2020,annual,ICT,Data & Database,Database Administrator,Database designers and administrators,trackable analytical role,91821.0,2.63,3495187.0,34.1,28.0,17.9,1810012.0,36.35,5.288,4855.5,2010,NISR Labour Force Survey microdata,1,36.8,37.9,,No sub-annual data available,5,10,0.625,5.503,-0.21499999999999986,-0.6419999999999995,0.21199999999999974,-0.04065809379727683,5.31,0.2865047968601901
2021,annual,ICT,Data & Database,Database Administrator,Database designers and administrators,trackable analytical role,54640.0,1.65,3308800.0,32.8,25.9,21.1,1534993.0,36.8,5.31,2901.4,2010,NISR Labour Force Survey microdata,1,37.9,38.05,,No sub-annual data available,5,11,0.6875,5.288,0.021999999999999353,-0.1930000000000005,0.2369999999999992,0.004143126177024361,5.319,0.36787944117144233
2022,annual,ICT,Data & Database,Database Administrator,Database designers and administrators,trackable analytical role,85785.0,2.4,3568275.0,34.4,27.3,20.7,1658214.0,37.9,5.319,4562.9,2010,NISR Labour Force Survey microdata,1,38.05,37.01,,No sub-annual data available,5,12,0.75,5.31,0.009000000000000341,0.030999999999999694,-0.012999999999999012,0.0016920473773266293,5.166,0.4723665527410147
2023,annual,ICT,Data & Database,Database Administrator,Database designers and administrators,trackable analytical role,136289.0,3.42,3985164.0,36.1,29.8,17.3,1981482.0,38.05,5.166,7040.7,2010,NISR Labour Force Survey microdata,1,37.01,36.33,,No sub-annual data available,5,13,0.8125,5.319,-0.15299999999999958,-0.14399999999999924,-0.16199999999999992,-0.029616724738675874,4.963,0.6065306597126334
2024,annual,ICT,Data & Database,Database Administrator,Database designers and administrators,trackable analytical role,180399.0,4.01,4501393.0,38.7,33.0,14.9,2366916.0,37.01,4.963,8953.2,2010,NISR Labour Force Survey microdata,1,36.33,39.2,,No sub-annual data available,5,14,0.875,5.166,-0.2030000000000003,-0.35599999999999987,-0.05000000000000071,-0.04090267983074759,4.905,0.7788007830714049
2025,annual,ICT,Data & Database,Database Administrator,Database designers and administrators,trackable analytical role,213208.0,4.4,4846623.0,39.6,34.7,12.4,2593752.0,36.33,4.905,10457.9,2010,NISR Labour Force Survey microdata,1,39.2,,,No sub-annual data available,5,15,0.9375,4.963,-0.05799999999999983,-0.2610000000000001,0.14500000000000046,-0.011824668705402615,4.326,1.0
2010,annual,ICT,Cloud & DevOps,DevOps / Cloud Engineer,Systems/network/software occupations (proxy),historical proxy only,5625.0,0.25,2250000.0,26.5,20.7,22.0,950000.0,0.21,0.048,2.7,2019,"NISR EICV/Census estimates, scaled to LFS 2017 anchor",1,0.18,0.16,,No sub-annual data available,6,0,0.0,0.0,0.0,0.0,0.0,0.0,0.042,0.023517745856009107
2011,annual,ICT,Cloud & DevOps,DevOps / Cloud Engineer,Systems/network/software occupations (proxy),historical proxy only,7440.0,0.32,2325000.0,27.0,21.3,21.5,1000000.0,0.18,0.042,3.1,2019,"NISR EICV/Census estimates, scaled to LFS 2017 anchor",1,0.16,0.16,,No sub-annual data available,6,0,0.0625,0.048,-0.005999999999999998,0.0,0.0,-0.14285714285714282,0.038,0.0301973834223185
2012,annual,ICT,Cloud & DevOps,DevOps / Cloud Engineer,Systems/network/software occupations (proxy),historical proxy only,9600.0,0.4,2400000.0,27.5,21.7,21.0,1060000.0,0.16,0.038,3.6,2019,"NISR EICV/Census estimates, scaled to LFS 2017 anchor",1,0.16,0.16,,No sub-annual data available,6,0,0.125,0.042,-0.0040000000000000036,-0.010000000000000002,0.001999999999999995,-0.10526315789473693,0.037,0.03877420783172201
2013,annual,ICT,Cloud & DevOps,DevOps / Cloud Engineer,Systems/network/software occupations (proxy),historical proxy only,12375.0,0.5,2475000.0,28.0,22.3,20.5,1120000.0,0.16,0.037,4.6,2019,"NISR EICV/Census estimates, scaled to LFS 2017 anchor",1,0.16,0.15,,No sub-annual data available,6,0,0.1875,0.038,-0.0010000000000000009,-0.0050000000000000044,0.0030000000000000027,-0.027027027027027053,0.032,0.049787068367863944
2014,annual,ICT,Cloud & DevOps,DevOps / Cloud Engineer,Systems/network/software occupations (proxy),historical proxy only,15810.0,0.62,2550000.0,28.5,22.8,20.0,1190000.0,0.16,0.032,5.1,2019,"NISR EICV/Census estimates, scaled to LFS 2017 anchor",1,0.15,0.14,,No sub-annual data available,6,0,0.25,0.037,-0.0049999999999999975,-0.005999999999999998,-0.003999999999999997,-0.15624999999999992,0.03,0.06392786120670757
2015,annual,ICT,Cloud & DevOps,DevOps / Cloud Engineer,Systems/network/software occupations (proxy),historical proxy only,19988.0,0.76,2630000.0,29.2,23.7,19.0,1270000.0,0.15,0.03,6.0,2019,"NISR EICV/Census estimates, scaled to LFS 2017 anchor",1,0.14,0.14,,No sub-annual data available,6,0,0.3125,0.032,-0.0020000000000000018,-0.006999999999999999,0.0029999999999999957,-0.06666666666666674,0.026,0.0820849986238988
2016,annual,ICT,Cloud & DevOps,DevOps / Cloud Engineer,Systems/network/software occupations (proxy),historical proxy only,25745.0,0.95,2710000.0,30.0,24.6,18.0,1370000.0,0.14,0.026,6.7,2019,"NISR EICV/Census estimates, scaled to LFS 2017 anchor",1,0.14,0.14,,No sub-annual data available,6,0,0.375,0.03,-0.004,-0.006000000000000002,-0.0019999999999999983,-0.15384615384615385,0.024,0.10539922456186433
2017,annual,ICT,Cloud & DevOps,DevOps / Cloud Engineer,Systems/network/software occupations (proxy),historical proxy only,43414.0,1.45,2989249.0,31.1,25.7,17.3,1521482.0,0.14,0.024,10.4,2019,NISR Labour Force Survey microdata,1,0.14,4.73,,No sub-annual data available,6,0,0.4375,0.026,-0.0019999999999999983,-0.005999999999999998,0.0020000000000000018,-0.08333333333333326,0.022,0.1353352832366127
2018,annual,ICT,Cloud & DevOps,DevOps / Cloud Engineer,Systems/network/software occupations (proxy),historical proxy only,69289.0,2.16,3207336.0,31.8,27.0,15.1,1667810.0,0.14,0.022,15.2,2019,NISR Labour Force Survey microdata,1,4.73,5.46,,No sub-annual data available,6,0,0.5,0.024,-0.0020000000000000018,-0.004,-3.469446951953614e-18,-0.090909090909091,0.7,0.17377394345044514
2019,annual,ICT,Cloud & DevOps,DevOps / Cloud Engineer,Systems/network/software occupations (proxy),trackable analytical role,96982.0,2.96,3273921.0,31.6,26.8,15.2,1762786.0,4.73,0.7,678.9,2019,NISR Labour Force Survey microdata,1,5.46,6.04,,No sub-annual data available,6,0,0.5625,0.022,0.6779999999999999,0.6759999999999999,0.6799999999999999,0.9685714285714285,0.794,0.22313016014842982
2020,annual,ICT,Cloud & DevOps,DevOps / Cloud Engineer,Systems/network/software occupations (proxy),trackable analytical role,91821.0,2.63,3495187.0,34.1,28.0,17.9,1810012.0,5.46,0.794,729.1,2019,NISR Labour Force Survey microdata,1,6.04,6.82,,No sub-annual data available,6,1,0.625,0.7,0.09400000000000008,0.772,-0.5839999999999999,0.11838790931989934,0.872,0.2865047968601901
2021,annual,ICT,Cloud & DevOps,DevOps / Cloud Engineer,Systems/network/software occupations (proxy),trackable analytical role,54640.0,1.65,3308800.0,32.8,25.9,21.1,1534993.0,6.04,0.872,476.5,2019,NISR Labour Force Survey microdata,1,6.82,7.82,,No sub-annual data available,6,2,0.6875,0.794,0.07799999999999996,0.17200000000000004,-0.016000000000000125,0.08944954128440362,0.957,0.36787944117144233
2022,annual,ICT,Cloud & DevOps,DevOps / Cloud Engineer,Systems/network/software occupations (proxy),trackable analytical role,85785.0,2.4,3568275.0,34.4,27.3,20.7,1658214.0,6.82,0.957,821.0,2019,NISR Labour Force Survey microdata,1,7.82,8.59,,No sub-annual data available,6,3,0.75,0.872,0.08499999999999996,0.16299999999999992,0.007000000000000006,0.0888192267502612,1.061,0.4723665527410147
2023,annual,ICT,Cloud & DevOps,DevOps / Cloud Engineer,Systems/network/software occupations (proxy),trackable analytical role,136289.0,3.42,3985164.0,36.1,29.8,17.3,1981482.0,7.82,1.061,1446.0,2019,NISR Labour Force Survey microdata,1,8.59,8.93,,No sub-annual data available,6,4,0.8125,0.957,0.10399999999999998,0.18899999999999995,0.019000000000000017,0.09802073515551366,1.152,0.6065306597126334
2024,annual,ICT,Cloud & DevOps,DevOps / Cloud Engineer,Systems/network/software occupations (proxy),trackable analytical role,180399.0,4.01,4501393.0,38.7,33.0,14.9,2366916.0,8.59,1.152,2078.2,2019,NISR Labour Force Survey microdata,1,8.93,38.1,,No sub-annual data available,6,5,0.875,1.061,0.09099999999999997,0.19499999999999995,-0.013000000000000012,0.07899305555555554,1.206,0.7788007830714049
2025,annual,ICT,Cloud & DevOps,DevOps / Cloud Engineer,Systems/network/software occupations (proxy),trackable analytical role,213208.0,4.4,4846623.0,39.6,34.7,12.4,2593752.0,8.93,1.206,2571.3,2019,NISR Labour Force Survey microdata,1,38.1,,,No sub-annual data available,6,6,0.9375,1.152,0.05400000000000005,0.14500000000000002,-0.03699999999999992,0.044776119402985114,4.207,1.0
2010,annual,ICT,Software & Web Development,Frontend / Web Developer,Web and multimedia developers / applications programmers,historical proxy only,5625.0,0.25,2250000.0,26.5,20.7,22.0,950000.0,1.65,0.377,21.2,2014,"NISR EICV/Census estimates, scaled to LFS 2017 anchor",1,1.44,1.31,,No sub-annual data available,7,0,0.0,0.0,0.0,0.0,0.0,0.0,0.333,0.023517745856009107
2011,annual,ICT,Software & Web Development,Frontend / Web Developer,Web and multimedia developers / applications programmers,historical proxy only,7440.0,0.32,2325000.0,27.0,21.3,21.5,1000000.0,1.44,0.333,24.8,2014,"NISR EICV/Census estimates, scaled to LFS 2017 anchor",1,1.31,1.26,,No sub-annual data available,7,0,0.0625,0.377,-0.043999999999999984,0.0,0.0,-0.13213213213213207,0.302,0.0301973834223185
2012,annual,ICT,Software & Web Development,Frontend / Web Developer,Web and multimedia developers / applications programmers,historical proxy only,9600.0,0.4,2400000.0,27.5,21.7,21.0,1060000.0,1.31,0.302,29.0,2014,"NISR EICV/Census estimates, scaled to LFS 2017 anchor",1,1.26,40.11,,No sub-annual data available,7,0,0.125,0.333,-0.031000000000000028,-0.07500000000000001,0.012999999999999956,-0.10264900662251665,0.286,0.03877420783172201
2013,annual,ICT,Software & Web Development,Frontend / Web Developer,Web and multimedia developers / applications programmers,historical proxy only,12375.0,0.5,2475000.0,28.0,22.3,20.5,1120000.0,1.26,0.286,35.4,2014,"NISR EICV/Census estimates, scaled to LFS 2017 anchor",1,40.11,43.33,,No sub-annual data available,7,0,0.1875,0.302,-0.016000000000000014,-0.04700000000000004,0.015000000000000013,-0.055944055944056,7.951,0.049787068367863944
2014,annual,ICT,Software & Web Development,Frontend / Web Developer,Web and multimedia developers / applications programmers,trackable analytical role,15810.0,0.62,2550000.0,28.5,22.8,20.0,1190000.0,40.11,7.951,1257.1,2014,"NISR EICV/Census estimates, scaled to LFS 2017 anchor",1,43.33,44.67,,No sub-annual data available,7,0,0.25,0.286,7.665,7.649,7.681,0.9640296818010313,8.603,0.06392786120670757
2015,annual,ICT,Software & Web Development,Frontend / Web Developer,Web and multimedia developers / applications programmers,trackable analytical role,19988.0,0.76,2630000.0,29.2,23.7,19.0,1270000.0,43.33,8.603,1719.6,2014,"NISR EICV/Census estimates, scaled to LFS 2017 anchor",1,44.67,45.98,,No sub-annual data available,7,1,0.3125,7.951,0.6520000000000001,8.317,-7.013,0.07578751598279672,8.132,0.0820849986238988
2016,annual,ICT,Software & Web Development,Frontend / Web Developer,Web and multimedia developers / applications programmers,trackable analytical role,25745.0,0.95,2710000.0,30.0,24.6,18.0,1370000.0,44.67,8.132,2093.6,2014,"NISR EICV/Census estimates, scaled to LFS 2017 anchor",1,45.98,48.24,,No sub-annual data available,7,2,0.375,8.603,-0.4710000000000001,0.18100000000000005,-1.1230000000000002,-0.057919331037875076,7.832,0.10539922456186433
2017,annual,ICT,Software & Web Development,Frontend / Web Developer,Web and multimedia developers / applications programmers,trackable analytical role,43414.0,1.45,2989249.0,31.1,25.7,17.3,1521482.0,45.98,7.832,3400.2,2014,NISR Labour Force Survey microdata,1,48.24,50.32,,No sub-annual data available,7,3,0.4375,8.132,-0.2999999999999998,-0.7709999999999999,0.17100000000000026,-0.03830439223697649,7.502,0.1353352832366127
2018,annual,ICT,Software & Web Development,Frontend / Web Developer,Web and multimedia developers / applications programmers,trackable analytical role,69289.0,2.16,3207336.0,31.8,27.0,15.1,1667810.0,48.24,7.502,5198.1,2014,NISR Labour Force Survey microdata,1,50.32,50.69,,No sub-annual data available,7,4,0.5,7.832,-0.33000000000000007,-0.6299999999999999,-0.03000000000000025,-0.04398826979472142,7.443,0.17377394345044514
2019,annual,ICT,Software & Web Development,Frontend / Web Developer,Web and multimedia developers / applications programmers,trackable analytical role,96982.0,2.96,3273921.0,31.6,26.8,15.2,1762786.0,50.32,7.443,7218.4,2014,NISR Labour Force Survey microdata,1,50.69,50.04,,No sub-annual data available,7,5,0.5625,7.502,-0.05900000000000016,-0.38900000000000023,0.2709999999999999,-0.00792691119172379,7.374,0.22313016014842982
2020,annual,ICT,Software & Web Development,Frontend / Web Developer,Web and multimedia developers / applications programmers,trackable analytical role,91821.0,2.63,3495187.0,34.1,28.0,17.9,1810012.0,50.69,7.374,6770.9,2014,NISR Labour Force Survey microdata,1,50.04,50.22,,No sub-annual data available,7,6,0.625,7.443,-0.06899999999999995,-0.1280000000000001,-0.009999999999999787,-0.009357200976403574,7.22,0.2865047968601901
2021,annual,ICT,Software & Web Development,Frontend / Web Developer,Web and multimedia developers / applications programmers,trackable analytical role,54640.0,1.65,3308800.0,32.8,25.9,21.1,1534993.0,50.04,7.22,3945.0,2014,NISR Labour Force Survey microdata,1,50.22,51.74,,No sub-annual data available,7,7,0.6875,7.374,-0.15399999999999991,-0.22299999999999986,-0.08499999999999996,-0.021329639889196665,7.049,0.36787944117144233
2022,annual,ICT,Software & Web Development,Frontend / Web Developer,Web and multimedia developers / applications programmers,trackable analytical role,85785.0,2.4,3568275.0,34.4,27.3,20.7,1658214.0,50.22,7.049,6047.0,2014,NISR Labour Force Survey microdata,1,51.74,52.93,,No sub-annual data available,7,8,0.75,7.22,-0.17099999999999937,-0.3249999999999993,-0.01699999999999946,-0.02425876010781662,7.024,0.4723665527410147
2023,annual,ICT,Software & Web Development,Frontend / Web Developer,Web and multimedia developers / applications programmers,trackable analytical role,136289.0,3.42,3985164.0,36.1,29.8,17.3,1981482.0,51.74,7.024,9572.9,2014,NISR Labour Force Survey microdata,1,52.93,52.44,,No sub-annual data available,7,9,0.8125,7.049,-0.025000000000000355,-0.19599999999999973,0.14599999999999902,-0.0035592255125285245,7.098,0.6065306597126334
2024,annual,ICT,Software & Web Development,Frontend / Web Developer,Web and multimedia developers / applications programmers,trackable analytical role,180399.0,4.01,4501393.0,38.7,33.0,14.9,2366916.0,52.93,7.098,12804.7,2014,NISR Labour Force Survey microdata,1,52.44,56.9,,No sub-annual data available,7,10,0.875,7.024,0.07399999999999984,0.04899999999999949,0.0990000000000002,0.01042547196393348,7.08,0.7788007830714049
2025,annual,ICT,Software & Web Development,Frontend / Web Developer,Web and multimedia developers / applications programmers,trackable analytical role,213208.0,4.4,4846623.0,39.6,34.7,12.4,2593752.0,52.44,7.08,15095.1,2014,NISR Labour Force Survey microdata,1,56.9,,,No sub-annual data available,7,11,0.9375,7.098,-0.017999999999999794,0.05600000000000005,-0.09199999999999964,-0.002542372881355903,6.283,1.0
2010,annual,ICT,Software Development,Full-Stack Developer,Software developers / applications programmers,historical proxy only,5625.0,0.25,2250000.0,26.5,20.7,22.0,950000.0,1.41,0.322,18.1,2018,"NISR EICV/Census estimates, scaled to LFS 2017 anchor",1,1.22,1.11,,No sub-annual data available,8,0,0.0,0.0,0.0,0.0,0.0,0.0,0.282,0.023517745856009107
2011,annual,ICT,Software Development,Full-Stack Developer,Software developers / applications programmers,historical proxy only,7440.0,0.32,2325000.0,27.0,21.3,21.5,1000000.0,1.22,0.282,21.0,2018,"NISR EICV/Census estimates, scaled to LFS 2017 anchor",1,1.11,1.08,,No sub-annual data available,8,0,0.0625,0.322,-0.040000000000000036,0.0,0.0,-0.14184397163120582,0.256,0.0301973834223185
2012,annual,ICT,Software Development,Full-Stack Developer,Software developers / applications programmers,historical proxy only,9600.0,0.4,2400000.0,27.5,21.7,21.0,1060000.0,1.11,0.256,24.6,2018,"NISR EICV/Census estimates, scaled to LFS 2017 anchor",1,1.08,1.07,,No sub-annual data available,8,0,0.125,0.282,-0.025999999999999968,-0.066,0.014000000000000068,-0.10156249999999988,0.245,0.03877420783172201
2013,annual,ICT,Software Development,Full-Stack Developer,Software developers / applications programmers,historical proxy only,12375.0,0.5,2475000.0,28.0,22.3,20.5,1120000.0,1.08,0.245,30.3,2018,"NISR EICV/Census estimates, scaled to LFS 2017 anchor",1,1.07,1.02,,No sub-annual data available,8,0,0.1875,0.256,-0.01100000000000001,-0.03699999999999998,0.014999999999999958,-0.04489795918367351,0.211,0.049787068367863944
2014,annual,ICT,Software Development,Full-Stack Developer,Software developers / applications programmers,historical proxy only,15810.0,0.62,2550000.0,28.5,22.8,20.0,1190000.0,1.07,0.211,33.4,2018,"NISR EICV/Census estimates, scaled to LFS 2017 anchor",1,1.02,0.96,,No sub-annual data available,8,0,0.25,0.245,-0.034,-0.04500000000000001,-0.022999999999999993,-0.16113744075829387,0.202,0.06392786120670757
2015,annual,ICT,Software Development,Full-Stack Developer,Software developers / applications programmers,historical proxy only,19988.0,0.76,2630000.0,29.2,23.7,19.0,1270000.0,1.02,0.202,40.4,2018,"NISR EICV/Census estimates, scaled to LFS 2017 anchor",1,0.96,0.93,,No sub-annual data available,8,0,0.3125,0.211,-0.00899999999999998,-0.04299999999999998,0.025000000000000022,-0.044554455445544455,0.174,0.0820849986238988
2016,annual,ICT,Software Development,Full-Stack Developer,Software developers / applications programmers,historical proxy only,25745.0,0.95,2710000.0,30.0,24.6,18.0,1370000.0,0.96,0.174,44.8,2018,"NISR EICV/Census estimates, scaled to LFS 2017 anchor",1,0.93,30.91,,No sub-annual data available,8,0,0.375,0.202,-0.028000000000000025,-0.037000000000000005,-0.019000000000000045,-0.16091954022988522,0.159,0.10539922456186433
2017,annual,ICT,Software Development,Full-Stack Developer,Software developers / applications programmers,historical proxy only,43414.0,1.45,2989249.0,31.1,25.7,17.3,1521482.0,0.93,0.159,69.0,2018,NISR Labour Force Survey microdata,1,30.91,35.0,,No sub-annual data available,8,0,0.4375,0.174,-0.014999999999999986,-0.04300000000000001,0.01300000000000004,-0.09433962264150934,4.807,0.1353352832366127
2018,annual,ICT,Software Development,Full-Stack Developer,Software developers / applications programmers,trackable analytical role,69289.0,2.16,3207336.0,31.8,27.0,15.1,1667810.0,30.91,4.807,3330.7,2018,NISR Labour Force Survey microdata,1,35.0,36.82,,No sub-annual data available,8,0,0.5,0.159,4.648000000000001,4.633,4.663,0.9669232369461203,5.177,0.17377394345044514
2019,annual,ICT,Software Development,Full-Stack Developer,Software developers / applications programmers,trackable analytical role,96982.0,2.96,3273921.0,31.6,26.8,15.2,1762786.0,35.0,5.177,5020.8,2018,NISR Labour Force Survey microdata,1,36.82,37.5,,No sub-annual data available,8,1,0.5625,4.807,0.3699999999999992,5.018,-4.278000000000001,0.07146996329920789,5.356,0.22313016014842982
2020,annual,ICT,Software Development,Full-Stack Developer,Software developers / applications programmers,trackable analytical role,91821.0,2.63,3495187.0,34.1,28.0,17.9,1810012.0,36.82,5.356,4917.9,2018,NISR Labour Force Survey microdata,1,37.5,39.02,,No sub-annual data available,8,2,0.625,5.177,0.17900000000000027,0.5489999999999995,-0.19099999999999895,0.033420463032113566,5.41,0.2865047968601901
2021,annual,ICT,Software Development,Full-Stack Developer,Software developers / applications programmers,trackable analytical role,54640.0,1.65,3308800.0,32.8,25.9,21.1,1534993.0,37.5,5.41,2956.0,2018,NISR Labour Force Survey microdata,1,39.02,41.57,,No sub-annual data available,8,3,0.6875,5.356,0.05400000000000027,0.23300000000000054,-0.125,0.00998151571164515,5.477,0.36787944117144233
2022,annual,ICT,Software Development,Full-Stack Developer,Software developers / applications programmers,trackable analytical role,85785.0,2.4,3568275.0,34.4,27.3,20.7,1658214.0,39.02,5.477,4698.4,2018,NISR Labour Force Survey microdata,1,41.57,43.16,,No sub-annual data available,8,4,0.75,5.41,0.06700000000000017,0.12100000000000044,0.0129999999999999,0.012232974255979582,5.644,0.4723665527410147
2023,annual,ICT,Software Development,Full-Stack Developer,Software developers / applications programmers,trackable analytical role,136289.0,3.42,3985164.0,36.1,29.8,17.3,1981482.0,41.57,5.644,7692.2,2018,NISR Labour Force Survey microdata,1,43.16,42.73,,No sub-annual data available,8,5,0.8125,5.477,0.16699999999999982,0.23399999999999999,0.09999999999999964,0.029588944011339442,5.788,0.6065306597126334
2024,annual,ICT,Software Development,Full-Stack Developer,Software developers / applications programmers,trackable analytical role,180399.0,4.01,4501393.0,38.7,33.0,14.9,2366916.0,43.16,5.788,10441.5,2018,NISR Labour Force Survey microdata,1,42.73,46.7,,No sub-annual data available,8,6,0.875,5.644,0.14400000000000013,0.31099999999999994,-0.022999999999999687,0.024879060124395322,5.77,0.7788007830714049
2025,annual,ICT,Software Development,Full-Stack Developer,Software developers / applications programmers,trackable analytical role,213208.0,4.4,4846623.0,39.6,34.7,12.4,2593752.0,42.73,5.77,12302.1,2018,NISR Labour Force Survey microdata,1,46.7,,,No sub-annual data available,8,7,0.9375,5.788,-0.018000000000000682,0.12599999999999945,-0.1620000000000008,-0.0031195840554593905,5.151,1.0
2010,annual,ICT,ICT Management,ICT Manager / IT Manager,ICT service managers,trackable analytical role,5625.0,0.25,2250000.0,26.5,20.7,22.0,950000.0,23.04,5.258,295.8,2010,"NISR EICV/Census estimates, scaled to LFS 2017 anchor",1,22.14,22.5,,No sub-annual data available,9,0,0.0,0.0,0.0,0.0,0.0,0.0,5.115,0.023517745856009107
2011,annual,ICT,ICT Management,ICT Manager / IT Manager,ICT service managers,trackable analytical role,7440.0,0.32,2325000.0,27.0,21.3,21.5,1000000.0,22.14,5.115,380.6,2010,"NISR EICV/Census estimates, scaled to LFS 2017 anchor",1,22.5,23.61,,No sub-annual data available,9,1,0.0625,5.258,-0.1429999999999998,0.0,0.0,-0.027956989247311787,5.178,0.0301973834223185
2012,annual,ICT,ICT Management,ICT Manager / IT Manager,ICT service managers,trackable analytical role,9600.0,0.4,2400000.0,27.5,21.7,21.0,1060000.0,22.5,5.178,497.1,2010,"NISR EICV/Census estimates, scaled to LFS 2017 anchor",1,23.61,23.84,,No sub-annual data available,9,2,0.125,5.115,0.06299999999999972,-0.08000000000000007,0.20599999999999952,0.012166859791425207,5.369,0.03877420783172201
2013,annual,ICT,ICT Management,ICT Manager / IT Manager,ICT service managers,trackable analytical role,12375.0,0.5,2475000.0,28.0,22.3,20.5,1120000.0,23.61,5.369,664.4,2010,"NISR EICV/Census estimates, scaled to LFS 2017 anchor",1,23.84,22.84,,No sub-annual data available,9,3,0.1875,5.178,0.19099999999999984,0.25399999999999956,0.1280000000000001,0.035574594896628765,4.726,0.049787068367863944
2014,annual,ICT,ICT Management,ICT Manager / IT Manager,ICT service managers,trackable analytical role,15810.0,0.62,2550000.0,28.5,22.8,20.0,1190000.0,23.84,4.726,747.2,2010,"NISR EICV/Census estimates, scaled to LFS 2017 anchor",1,22.84,22.1,,No sub-annual data available,9,4,0.25,5.369,-0.6429999999999998,-0.45199999999999996,-0.8339999999999996,-0.1360558611933982,4.534,0.06392786120670757
2015,annual,ICT,ICT Management,ICT Manager / IT Manager,ICT service managers,trackable analytical role,19988.0,0.76,2630000.0,29.2,23.7,19.0,1270000.0,22.84,4.534,906.3,2010,"NISR EICV/Census estimates, scaled to LFS 2017 anchor",1,22.1,22.68,,No sub-annual data available,9,5,0.3125,4.726,-0.19200000000000017,-0.835,0.4509999999999996,-0.042346713718570836,4.023,0.0820849986238988
2016,annual,ICT,ICT Management,ICT Manager / IT Manager,ICT service managers,trackable analytical role,25745.0,0.95,2710000.0,30.0,24.6,18.0,1370000.0,22.1,4.023,1035.7,2010,"NISR EICV/Census estimates, scaled to LFS 2017 anchor",1,22.68,23.75,,No sub-annual data available,9,6,0.375,4.534,-0.5110000000000001,-0.7030000000000003,-0.31899999999999995,-0.1270196370867512,3.863,0.10539922456186433
2017,annual,ICT,ICT Management,ICT Manager / IT Manager,ICT service managers,trackable analytical role,43414.0,1.45,2989249.0,31.1,25.7,17.3,1521482.0,22.68,3.863,1677.1,2010,NISR Labour Force Survey microdata,1,23.75,23.73,,No sub-annual data available,9,7,0.4375,4.023,-0.1599999999999997,-0.6709999999999998,0.3510000000000004,-0.04141858659073251,3.694,0.1353352832366127
2018,annual,ICT,ICT Management,ICT Manager / IT Manager,ICT service managers,trackable analytical role,69289.0,2.16,3207336.0,31.8,27.0,15.1,1667810.0,23.75,3.694,2559.5,2010,NISR Labour Force Survey microdata,1,23.73,22.65,,No sub-annual data available,9,8,0.5,3.863,-0.16900000000000004,-0.32899999999999974,-0.009000000000000341,-0.04574986464537088,3.51,0.17377394345044514
2019,annual,ICT,ICT Management,ICT Manager / IT Manager,ICT service managers,trackable analytical role,96982.0,2.96,3273921.0,31.6,26.8,15.2,1762786.0,23.73,3.51,3404.1,2010,NISR Labour Force Survey microdata,1,22.65,22.1,,No sub-annual data available,9,9,0.5625,3.694,-0.18400000000000016,-0.3530000000000002,-0.015000000000000124,-0.05242165242165247,3.294,0.22313016014842982
2020,annual,ICT,ICT Management,ICT Manager / IT Manager,ICT service managers,trackable analytical role,91821.0,2.63,3495187.0,34.1,28.0,17.9,1810012.0,22.65,3.294,3024.6,2010,NISR Labour Force Survey microdata,1,22.1,22.86,,No sub-annual data available,9,10,0.625,3.51,-0.21599999999999975,-0.3999999999999999,-0.031999999999999584,-0.0655737704918032,3.189,0.2865047968601901
2021,annual,ICT,ICT Management,ICT Manager / IT Manager,ICT service managers,trackable analytical role,54640.0,1.65,3308800.0,32.8,25.9,21.1,1534993.0,22.1,3.189,1742.5,2010,NISR Labour Force Survey microdata,1,22.86,23.86,,No sub-annual data available,9,11,0.6875,3.294,-0.10499999999999998,-0.32099999999999973,0.11099999999999977,-0.03292568203198494,3.209,0.36787944117144233
2022,annual,ICT,ICT Management,ICT Manager / IT Manager,ICT service managers,trackable analytical role,85785.0,2.4,3568275.0,34.4,27.3,20.7,1658214.0,22.86,3.209,2752.8,2010,NISR Labour Force Survey microdata,1,23.86,23.59,,No sub-annual data available,9,12,0.75,3.189,0.020000000000000018,-0.08499999999999996,0.125,0.006232471174820822,3.239,0.4723665527410147
2023,annual,ICT,ICT Management,ICT Manager / IT Manager,ICT service managers,trackable analytical role,136289.0,3.42,3985164.0,36.1,29.8,17.3,1981482.0,23.86,3.239,4414.4,2010,NISR Labour Force Survey microdata,1,23.59,22.48,,No sub-annual data available,9,13,0.8125,3.209,0.029999999999999805,0.04999999999999982,0.009999999999999787,0.009262117937635013,3.164,0.6065306597126334
2024,annual,ICT,ICT Management,ICT Manager / IT Manager,ICT service managers,trackable analytical role,180399.0,4.01,4501393.0,38.7,33.0,14.9,2366916.0,23.59,3.164,5707.8,2010,NISR Labour Force Survey microdata,1,22.48,37.7,,No sub-annual data available,9,14,0.875,3.239,-0.07499999999999973,-0.04499999999999993,-0.10499999999999954,-0.023704171934260346,3.035,0.7788007830714049
2025,annual,ICT,ICT Management,ICT Manager / IT Manager,ICT service managers,trackable analytical role,213208.0,4.4,4846623.0,39.6,34.7,12.4,2593752.0,22.48,3.035,6470.9,2010,NISR Labour Force Survey microdata,1,37.7,,,No sub-annual data available,9,15,0.9375,3.164,-0.129,-0.20399999999999974,-0.05400000000000027,-0.042504118616144976,4.156,1.0
2010,annual,ICT,IT Governance & Audit,IT Auditor / IT Governance & Risk,Related ICT/business professional categories (proxy),historical proxy only,5625.0,0.25,2250000.0,26.5,20.7,22.0,950000.0,0.18,0.041,2.3,2017,"NISR EICV/Census estimates, scaled to LFS 2017 anchor",1,0.15,0.14,,No sub-annual data available,10,0,0.0,0.0,0.0,0.0,0.0,0.0,0.035,0.023517745856009107
2011,annual,ICT,IT Governance & Audit,IT Auditor / IT Governance & Risk,Related ICT/business professional categories (proxy),historical proxy only,7440.0,0.32,2325000.0,27.0,21.3,21.5,1000000.0,0.15,0.035,2.6,2017,"NISR EICV/Census estimates, scaled to LFS 2017 anchor",1,0.14,0.13,,No sub-annual data available,10,0,0.0625,0.041,-0.005999999999999998,0.0,0.0,-0.17142857142857137,0.031,0.0301973834223185
2012,annual,ICT,IT Governance & Audit,IT Auditor / IT Governance & Risk,Related ICT/business professional categories (proxy),historical proxy only,9600.0,0.4,2400000.0,27.5,21.7,21.0,1060000.0,0.14,0.031,3.0,2017,"NISR EICV/Census estimates, scaled to LFS 2017 anchor",1,0.13,0.11,,No sub-annual data available,10,0,0.125,0.035,-0.0040000000000000036,-0.010000000000000002,0.001999999999999995,-0.12903225806451624,0.029,0.03877420783172201
2013,annual,ICT,IT Governance & Audit,IT Auditor / IT Governance & Risk,Related ICT/business professional categories (proxy),historical proxy only,12375.0,0.5,2475000.0,28.0,22.3,20.5,1120000.0,0.13,0.029,3.6,2017,"NISR EICV/Census estimates, scaled to LFS 2017 anchor",1,0.11,0.11,,No sub-annual data available,10,0,0.1875,0.031,-0.0019999999999999983,-0.006000000000000002,0.0020000000000000052,-0.06896551724137925,0.023,0.049787068367863944
2014,annual,ICT,IT Governance & Audit,IT Auditor / IT Governance & Risk,Related ICT/business professional categories (proxy),historical proxy only,15810.0,0.62,2550000.0,28.5,22.8,20.0,1190000.0,0.11,0.023,3.6,2017,"NISR EICV/Census estimates, scaled to LFS 2017 anchor",1,0.11,0.1,,No sub-annual data available,10,0,0.25,0.029,-0.006000000000000002,-0.008,-0.0040000000000000036,-0.2608695652173914,0.021,0.06392786120670757
2015,annual,ICT,IT Governance & Audit,IT Auditor / IT Governance & Risk,Related ICT/business professional categories (proxy),historical proxy only,19988.0,0.76,2630000.0,29.2,23.7,19.0,1270000.0,0.11,0.021,4.2,2017,"NISR EICV/Census estimates, scaled to LFS 2017 anchor",1,0.1,3.35,,No sub-annual data available,10,0,0.3125,0.023,-0.0019999999999999983,-0.008,0.0040000000000000036,-0.09523809523809515,0.018,0.0820849986238988
2016,annual,ICT,IT Governance & Audit,IT Auditor / IT Governance & Risk,Related ICT/business professional categories (proxy),historical proxy only,25745.0,0.95,2710000.0,30.0,24.6,18.0,1370000.0,0.1,0.018,4.6,2017,"NISR EICV/Census estimates, scaled to LFS 2017 anchor",1,3.35,3.84,,No sub-annual data available,10,0,0.375,0.021,-0.0030000000000000027,-0.005000000000000001,-0.0010000000000000044,-0.16666666666666682,0.57,0.10539922456186433
2017,annual,ICT,IT Governance & Audit,IT Auditor / IT Governance & Risk,Related ICT/business professional categories (proxy),trackable analytical role,43414.0,1.45,2989249.0,31.1,25.7,17.3,1521482.0,3.35,0.57,247.5,2017,NISR Labour Force Survey microdata,1,3.84,4.06,,No sub-annual data available,10,0,0.4375,0.018,0.5519999999999999,0.5489999999999999,0.5549999999999999,0.968421052631579,0.597,0.1353352832366127
2018,annual,ICT,IT Governance & Audit,IT Auditor / IT Governance & Risk,Related ICT/business professional categories (proxy),trackable analytical role,69289.0,2.16,3207336.0,31.8,27.0,15.1,1667810.0,3.84,0.597,413.7,2017,NISR Labour Force Survey microdata,1,4.06,4.07,,No sub-annual data available,10,1,0.5,0.57,0.027000000000000024,0.579,-0.5249999999999999,0.045226130653266375,0.6,0.17377394345044514
2019,annual,ICT,IT Governance & Audit,IT Auditor / IT Governance & Risk,Related ICT/business professional categories (proxy),trackable analytical role,96982.0,2.96,3273921.0,31.6,26.8,15.2,1762786.0,4.06,0.6,581.9,2017,NISR Labour Force Survey microdata,1,4.07,4.17,,No sub-annual data available,10,2,0.5625,0.597,0.0030000000000000027,0.030000000000000027,-0.02400000000000002,0.0050000000000000044,0.592,0.22313016014842982
2020,annual,ICT,IT Governance & Audit,IT Auditor / IT Governance & Risk,Related ICT/business professional categories (proxy),trackable analytical role,91821.0,2.63,3495187.0,34.1,28.0,17.9,1810012.0,4.07,0.592,543.6,2017,NISR Labour Force Survey microdata,1,4.17,4.46,,No sub-annual data available,10,3,0.625,0.6,-0.008000000000000007,-0.0050000000000000044,-0.01100000000000001,-0.013513513513513526,0.602,0.2865047968601901
2021,annual,ICT,IT Governance & Audit,IT Auditor / IT Governance & Risk,Related ICT/business professional categories (proxy),trackable analytical role,54640.0,1.65,3308800.0,32.8,25.9,21.1,1534993.0,4.17,0.602,328.9,2017,NISR Labour Force Survey microdata,1,4.46,4.71,,No sub-annual data available,10,4,0.6875,0.592,0.010000000000000009,0.0020000000000000018,0.018000000000000016,0.016611295681063138,0.626,0.36787944117144233
2022,annual,ICT,IT Governance & Audit,IT Auditor / IT Governance & Risk,Related ICT/business professional categories (proxy),trackable analytical role,85785.0,2.4,3568275.0,34.4,27.3,20.7,1658214.0,4.46,0.626,537.0,2017,NISR Labour Force Survey microdata,1,4.71,4.68,,No sub-annual data available,10,5,0.75,0.602,0.02400000000000002,0.03400000000000003,0.014000000000000012,0.03833865814696489,0.64,0.4723665527410147
2023,annual,ICT,IT Governance & Audit,IT Auditor / IT Governance & Risk,Related ICT/business professional categories (proxy),trackable analytical role,136289.0,3.42,3985164.0,36.1,29.8,17.3,1981482.0,4.71,0.64,872.2,2017,NISR Labour Force Survey microdata,1,4.68,4.52,,No sub-annual data available,10,6,0.8125,0.626,0.014000000000000012,0.038000000000000034,-0.010000000000000009,0.02187500000000002,0.627,0.6065306597126334
2024,annual,ICT,IT Governance & Audit,IT Auditor / IT Governance & Risk,Related ICT/business professional categories (proxy),trackable analytical role,180399.0,4.01,4501393.0,38.7,33.0,14.9,2366916.0,4.68,0.627,1131.1,2017,NISR Labour Force Survey microdata,1,4.52,6.7,,No sub-annual data available,10,7,0.875,0.64,-0.013000000000000012,0.0010000000000000009,-0.027000000000000024,-0.020733652312599698,0.61,0.7788007830714049
2025,annual,ICT,IT Governance & Audit,IT Auditor / IT Governance & Risk,Related ICT/business professional categories (proxy),trackable analytical role,213208.0,4.4,4846623.0,39.6,34.7,12.4,2593752.0,4.52,0.61,1300.6,2017,NISR Labour Force Survey microdata,1,6.7,,,No sub-annual data available,10,8,0.9375,0.627,-0.017000000000000015,-0.030000000000000027,-0.0040000000000000036,-0.027868852459016418,0.735,1.0
2010,annual,ICT,IT Operations & Support,IT Officer / ICT Administrator,ICT professionals / ICT technicians (proxy),trackable analytical role,5625.0,0.25,2250000.0,26.5,20.7,22.0,950000.0,60.58,13.827,777.8,2010,"NISR EICV/Census estimates, scaled to LFS 2017 anchor",1,60.24,59.85,,No sub-annual data available,11,0,0.0,0.0,0.0,0.0,0.0,0.0,13.917,0.023517745856009107
2011,annual,ICT,IT Operations & Support,IT Officer / ICT Administrator,ICT professionals / ICT technicians (proxy),trackable analytical role,7440.0,0.32,2325000.0,27.0,21.3,21.5,1000000.0,60.24,13.917,1035.4,2010,"NISR EICV/Census estimates, scaled to LFS 2017 anchor",1,59.85,59.96,,No sub-annual data available,11,1,0.0625,13.827,0.08999999999999986,0.0,0.0,0.006466910972192273,13.772,0.0301973834223185
2012,annual,ICT,IT Operations & Support,IT Officer / ICT Administrator,ICT professionals / ICT technicians (proxy),trackable analytical role,9600.0,0.4,2400000.0,27.5,21.7,21.0,1060000.0,59.85,13.772,1322.1,2010,"NISR EICV/Census estimates, scaled to LFS 2017 anchor",1,59.96,60.43,,No sub-annual data available,11,2,0.125,13.917,-0.14499999999999957,-0.054999999999999716,-0.23499999999999943,-0.010528608771420242,13.634,0.03877420783172201
2013,annual,ICT,IT Operations & Support,IT Officer / ICT Administrator,ICT professionals / ICT technicians (proxy),trackable analytical role,12375.0,0.5,2475000.0,28.0,22.3,20.5,1120000.0,59.96,13.634,1687.2,2010,"NISR EICV/Census estimates, scaled to LFS 2017 anchor",1,60.43,60.55,,No sub-annual data available,11,3,0.1875,13.772,-0.1379999999999999,-0.2829999999999995,0.006999999999999673,-0.010121754437435815,11.979,0.049787068367863944
2014,annual,ICT,IT Operations & Support,IT Officer / ICT Administrator,ICT professionals / ICT technicians (proxy),trackable analytical role,15810.0,0.62,2550000.0,28.5,22.8,20.0,1190000.0,60.43,11.979,1893.9,2010,"NISR EICV/Census estimates, scaled to LFS 2017 anchor",1,60.55,60.16,,No sub-annual data available,11,4,0.25,13.634,-1.6550000000000011,-1.793000000000001,-1.5170000000000012,-0.13815844394356802,12.022,0.06392786120670757
2015,annual,ICT,IT Operations & Support,IT Officer / ICT Administrator,ICT professionals / ICT technicians (proxy),trackable analytical role,19988.0,0.76,2630000.0,29.2,23.7,19.0,1270000.0,60.55,12.022,2403.0,2010,"NISR EICV/Census estimates, scaled to LFS 2017 anchor",1,60.16,59.83,,No sub-annual data available,11,5,0.3125,11.979,0.04300000000000104,-1.612,1.6980000000000022,0.003576775910830231,10.951,0.0820849986238988
2016,annual,ICT,IT Operations & Support,IT Officer / ICT Administrator,ICT professionals / ICT technicians (proxy),trackable analytical role,25745.0,0.95,2710000.0,30.0,24.6,18.0,1370000.0,60.16,10.951,2819.3,2010,"NISR EICV/Census estimates, scaled to LFS 2017 anchor",1,59.83,60.04,,No sub-annual data available,11,6,0.375,12.022,-1.0709999999999997,-1.0279999999999987,-1.1140000000000008,-0.09779928773627976,10.192,0.10539922456186433
2017,annual,ICT,IT Operations & Support,IT Officer / ICT Administrator,ICT professionals / ICT technicians (proxy),trackable analytical role,43414.0,1.45,2989249.0,31.1,25.7,17.3,1521482.0,59.83,10.192,4424.8,2010,NISR Labour Force Survey microdata,1,60.04,60.5,,No sub-annual data available,11,7,0.4375,10.951,-0.7590000000000003,-1.83,0.3119999999999994,-0.07447017268445844,9.337,0.1353352832366127
2018,annual,ICT,IT Operations & Support,IT Officer / ICT Administrator,ICT professionals / ICT technicians (proxy),trackable analytical role,69289.0,2.16,3207336.0,31.8,27.0,15.1,1667810.0,60.04,9.337,6469.5,2010,NISR Labour Force Survey microdata,1,60.5,60.51,,No sub-annual data available,11,8,0.5,10.192,-0.8550000000000004,-1.6140000000000008,-0.09600000000000009,-0.09157116846952988,8.948,0.17377394345044514
2019,annual,ICT,IT Operations & Support,IT Officer / ICT Administrator,ICT professionals / ICT technicians (proxy),trackable analytical role,96982.0,2.96,3273921.0,31.6,26.8,15.2,1762786.0,60.5,8.948,8677.9,2010,NISR Labour Force Survey microdata,1,60.51,60.08,,No sub-annual data available,11,9,0.5625,9.337,-0.38899999999999935,-1.2439999999999998,0.4660000000000011,-0.04347340187751445,8.802,0.22313016014842982
2020,annual,ICT,IT Operations & Support,IT Officer / ICT Administrator,ICT professionals / ICT technicians (proxy),trackable analytical role,91821.0,2.63,3495187.0,34.1,28.0,17.9,1810012.0,60.51,8.802,8082.1,2010,NISR Labour Force Survey microdata,1,60.08,59.82,,No sub-annual data available,11,10,0.625,8.948,-0.1460000000000008,-0.5350000000000001,0.24299999999999855,-0.01658713928652588,8.669,0.2865047968601901
2021,annual,ICT,IT Operations & Support,IT Officer / ICT Administrator,ICT professionals / ICT technicians (proxy),trackable analytical role,54640.0,1.65,3308800.0,32.8,25.9,21.1,1534993.0,60.08,8.669,4736.7,2010,NISR Labour Force Survey microdata,1,59.82,60.11,,No sub-annual data available,11,11,0.6875,8.802,-0.13299999999999912,-0.2789999999999999,0.013000000000001677,-0.015342023301418746,8.396,0.36787944117144233
2022,annual,ICT,IT Operations & Support,IT Officer / ICT Administrator,ICT professionals / ICT technicians (proxy),trackable analytical role,85785.0,2.4,3568275.0,34.4,27.3,20.7,1658214.0,59.82,8.396,7202.5,2010,NISR Labour Force Survey microdata,1,60.11,60.54,,No sub-annual data available,11,12,0.75,8.669,-0.2729999999999997,-0.4059999999999988,-0.14000000000000057,-0.03251548356360168,8.161,0.4723665527410147
2023,annual,ICT,IT Operations & Support,IT Officer / ICT Administrator,ICT professionals / ICT technicians (proxy),trackable analytical role,136289.0,3.42,3985164.0,36.1,29.8,17.3,1981482.0,60.11,8.161,11122.5,2010,NISR Labour Force Survey microdata,1,60.54,60.46,,No sub-annual data available,11,13,0.8125,8.396,-0.2350000000000012,-0.5080000000000009,0.03799999999999848,-0.028795490748682907,8.119,0.6065306597126334
2024,annual,ICT,IT Operations & Support,IT Officer / ICT Administrator,ICT professionals / ICT technicians (proxy),trackable analytical role,180399.0,4.01,4501393.0,38.7,33.0,14.9,2366916.0,60.54,8.119,14646.6,2010,NISR Labour Force Survey microdata,1,60.46,93.7,,No sub-annual data available,11,14,0.875,8.161,-0.041999999999999815,-0.277000000000001,0.1930000000000014,-0.005173050868333516,8.163,0.7788007830714049
2025,annual,ICT,IT Operations & Support,IT Officer / ICT Administrator,ICT professionals / ICT technicians (proxy),trackable analytical role,213208.0,4.4,4846623.0,39.6,34.7,12.4,2593752.0,60.46,8.163,17404.2,2010,NISR Labour Force Survey microdata,1,93.7,,,No sub-annual data available,11,15,0.9375,8.119,0.04400000000000048,0.002000000000000668,0.0860000000000003,0.005390175180693431,10.344,1.0
2010,annual,ICT,IT Operations & Support,IT Support / Help Desk Technician,ICT user support / operations technicians,trackable analytical role,5625.0,0.25,2250000.0,26.5,20.7,22.0,950000.0,54.14,12.357,695.1,2010,"NISR EICV/Census estimates, scaled to LFS 2017 anchor",1,53.17,52.43,,No sub-annual data available,12,0,0.0,0.0,0.0,0.0,0.0,0.0,12.285,0.023517745856009107
2011,annual,ICT,IT Operations & Support,IT Support / Help Desk Technician,ICT user support / operations technicians,trackable analytical role,7440.0,0.32,2325000.0,27.0,21.3,21.5,1000000.0,53.17,12.285,914.0,2010,"NISR EICV/Census estimates, scaled to LFS 2017 anchor",1,52.43,52.98,,No sub-annual data available,12,1,0.0625,12.357,-0.07199999999999918,0.0,0.0,-0.005860805860805794,12.066,0.0301973834223185
2012,annual,ICT,IT Operations & Support,IT Support / Help Desk Technician,ICT user support / operations technicians,trackable analytical role,9600.0,0.4,2400000.0,27.5,21.7,21.0,1060000.0,52.43,12.066,1158.3,2010,"NISR EICV/Census estimates, scaled to LFS 2017 anchor",1,52.98,54.04,,No sub-annual data available,12,2,0.125,12.285,-0.21899999999999942,-0.2909999999999986,-0.14700000000000024,-0.018150174042764745,12.047,0.03877420783172201
2013,annual,ICT,IT Operations & Support,IT Support / Help Desk Technician,ICT user support / operations technicians,trackable analytical role,12375.0,0.5,2475000.0,28.0,22.3,20.5,1120000.0,52.98,12.047,1490.8,2010,"NISR EICV/Census estimates, scaled to LFS 2017 anchor",1,54.04,54.03,,No sub-annual data available,12,3,0.1875,12.066,-0.019000000000000128,-0.23799999999999955,0.1999999999999993,-0.0015771561384577179,10.713,0.049787068367863944
2014,annual,ICT,IT Operations & Support,IT Support / Help Desk Technician,ICT user support / operations technicians,trackable analytical role,15810.0,0.62,2550000.0,28.5,22.8,20.0,1190000.0,54.04,10.713,1693.7,2010,"NISR EICV/Census estimates, scaled to LFS 2017 anchor",1,54.03,52.99,,No sub-annual data available,12,4,0.25,12.047,-1.3340000000000014,-1.3530000000000015,-1.3150000000000013,-0.12452160925977798,10.727,0.06392786120670757
2015,annual,ICT,IT Operations & Support,IT Support / Help Desk Technician,ICT user support / operations technicians,trackable analytical role,19988.0,0.76,2630000.0,29.2,23.7,19.0,1270000.0,54.03,10.727,2144.1,2010,"NISR EICV/Census estimates, scaled to LFS 2017 anchor",1,52.99,52.44,,No sub-annual data available,12,5,0.3125,10.713,0.014000000000001123,-1.3200000000000003,1.3480000000000025,0.0013051179267270553,9.646,0.0820849986238988
2016,annual,ICT,IT Operations & Support,IT Support / Help Desk Technician,ICT user support / operations technicians,trackable analytical role,25745.0,0.95,2710000.0,30.0,24.6,18.0,1370000.0,52.99,9.646,2483.4,2010,"NISR EICV/Census estimates, scaled to LFS 2017 anchor",1,52.44,53.17,,No sub-annual data available,12,6,0.375,10.727,-1.0809999999999995,-1.0669999999999984,-1.0950000000000006,-0.1120671781049139,8.933,0.10539922456186433
2017,annual,ICT,IT Operations & Support,IT Support / Help Desk Technician,ICT user support / operations technicians,trackable analytical role,43414.0,1.45,2989249.0,31.1,25.7,17.3,1521482.0,52.44,8.933,3878.2,2010,NISR Labour Force Survey microdata,1,53.17,54.15,,No sub-annual data available,12,7,0.4375,9.646,-0.713000000000001,-1.7940000000000005,0.36799999999999855,-0.07981641106011429,8.269,0.1353352832366127
2018,annual,ICT,IT Operations & Support,IT Support / Help Desk Technician,ICT user support / operations technicians,trackable analytical role,69289.0,2.16,3207336.0,31.8,27.0,15.1,1667810.0,53.17,8.269,5729.5,2010,NISR Labour Force Survey microdata,1,54.15,53.89,,No sub-annual data available,12,8,0.5,8.933,-0.6639999999999997,-1.3770000000000007,0.049000000000001265,-0.08029991534647475,8.009,0.17377394345044514
2019,annual,ICT,IT Operations & Support,IT Support / Help Desk Technician,ICT user support / operations technicians,trackable analytical role,96982.0,2.96,3273921.0,31.6,26.8,15.2,1762786.0,54.15,8.009,7767.3,2010,NISR Labour Force Survey microdata,1,53.89,52.83,,No sub-annual data available,12,9,0.5625,8.269,-0.2599999999999998,-0.9239999999999995,0.4039999999999999,-0.03246347858659006,7.839,0.22313016014842982
2020,annual,ICT,IT Operations & Support,IT Support / Help Desk Technician,ICT user support / operations technicians,trackable analytical role,91821.0,2.63,3495187.0,34.1,28.0,17.9,1810012.0,53.89,7.839,7197.8,2010,NISR Labour Force Survey microdata,1,52.83,52.48,,No sub-annual data available,12,10,0.625,8.009,-0.16999999999999993,-0.4299999999999997,0.08999999999999986,-0.021686439596887347,7.622,0.2865047968601901
2021,annual,ICT,IT Operations & Support,IT Support / Help Desk Technician,ICT user support / operations technicians,trackable analytical role,54640.0,1.65,3308800.0,32.8,25.9,21.1,1534993.0,52.83,7.622,4164.7,2010,NISR Labour Force Survey microdata,1,52.48,53.37,,No sub-annual data available,12,11,0.6875,7.839,-0.21700000000000053,-0.38700000000000045,-0.0470000000000006,-0.028470217790606208,7.365,0.36787944117144233
2022,annual,ICT,IT Operations & Support,IT Support / Help Desk Technician,ICT user support / operations technicians,trackable analytical role,85785.0,2.4,3568275.0,34.4,27.3,20.7,1658214.0,52.48,7.365,6318.1,2010,NISR Labour Force Survey microdata,1,53.37,54.21,,No sub-annual data available,12,12,0.75,7.622,-0.2569999999999997,-0.4740000000000002,-0.03999999999999915,-0.034894772572980265,7.246,0.4723665527410147
2023,annual,ICT,IT Operations & Support,IT Support / Help Desk Technician,ICT user support / operations technicians,trackable analytical role,136289.0,3.42,3985164.0,36.1,29.8,17.3,1981482.0,53.37,7.246,9875.5,2010,NISR Labour Force Survey microdata,1,54.21,53.73,,No sub-annual data available,12,13,0.8125,7.365,-0.11899999999999977,-0.37599999999999945,0.1379999999999999,-0.016422853988407364,7.27,0.6065306597126334
2024,annual,ICT,IT Operations & Support,IT Support / Help Desk Technician,ICT user support / operations technicians,trackable analytical role,180399.0,4.01,4501393.0,38.7,33.0,14.9,2366916.0,54.21,7.27,13115.0,2010,NISR Labour Force Survey microdata,1,53.73,61.9,,No sub-annual data available,12,14,0.875,7.246,0.023999999999999133,-0.09500000000000064,0.1429999999999989,0.0033012379642364696,7.255,0.7788007830714049
2025,annual,ICT,IT Operations & Support,IT Support / Help Desk Technician,ICT user support / operations technicians,trackable analytical role,213208.0,4.4,4846623.0,39.6,34.7,12.4,2593752.0,53.73,7.255,15468.2,2010,NISR Labour Force Survey microdata,1,61.9,,,No sub-annual data available,12,15,0.9375,7.27,-0.01499999999999968,0.008999999999999453,-0.03899999999999881,-0.002067539627842823,6.835,1.0
2010,annual,ICT,Software Development,Mobile App Developer,Applications programmers,historical proxy only,5625.0,0.25,2250000.0,26.5,20.7,22.0,950000.0,1.07,0.243,13.7,2014,"NISR EICV/Census estimates, scaled to LFS 2017 anchor",1,0.91,0.84,,No sub-annual data available,13,0,0.0,0.0,0.0,0.0,0.0,0.0,0.21,0.023517745856009107
2011,annual,ICT,Software Development,Mobile App Developer,Applications programmers,historical proxy only,7440.0,0.32,2325000.0,27.0,21.3,21.5,1000000.0,0.91,0.21,15.6,2014,"NISR EICV/Census estimates, scaled to LFS 2017 anchor",1,0.84,0.82,,No sub-annual data available,13,0,0.0625,0.243,-0.033,0.0,0.0,-0.15714285714285717,0.193,0.0301973834223185
2012,annual,ICT,Software Development,Mobile App Developer,Applications programmers,historical proxy only,9600.0,0.4,2400000.0,27.5,21.7,21.0,1060000.0,0.84,0.193,18.5,2014,"NISR EICV/Census estimates, scaled to LFS 2017 anchor",1,0.82,26.29,,No sub-annual data available,13,0,0.125,0.21,-0.016999999999999987,-0.04999999999999999,0.016000000000000014,-0.08808290155440408,0.187,0.03877420783172201
2013,annual,ICT,Software Development,Mobile App Developer,Applications programmers,historical proxy only,12375.0,0.5,2475000.0,28.0,22.3,20.5,1120000.0,0.82,0.187,23.1,2014,"NISR EICV/Census estimates, scaled to LFS 2017 anchor",1,26.29,27.73,,No sub-annual data available,13,0,0.1875,0.193,-0.006000000000000005,-0.022999999999999993,0.010999999999999982,-0.032085561497326234,5.211,0.049787068367863944
2014,annual,ICT,Software Development,Mobile App Developer,Applications programmers,trackable analytical role,15810.0,0.62,2550000.0,28.5,22.8,20.0,1190000.0,26.29,5.211,823.9,2014,"NISR EICV/Census estimates, scaled to LFS 2017 anchor",1,27.73,28.17,,No sub-annual data available,13,0,0.25,0.187,5.024,5.018000000000001,5.03,0.9641143734407983,5.506,0.06392786120670757
2015,annual,ICT,Software Development,Mobile App Developer,Applications programmers,trackable analytical role,19988.0,0.76,2630000.0,29.2,23.7,19.0,1270000.0,27.73,5.506,1100.5,2014,"NISR EICV/Census estimates, scaled to LFS 2017 anchor",1,28.17,29.45,,No sub-annual data available,13,1,0.3125,5.211,0.29499999999999993,5.319,-4.729,0.05357791500181618,5.128,0.0820849986238988
2016,annual,ICT,Software Development,Mobile App Developer,Applications programmers,trackable analytical role,25745.0,0.95,2710000.0,30.0,24.6,18.0,1370000.0,28.17,5.128,1320.2,2014,"NISR EICV/Census estimates, scaled to LFS 2017 anchor",1,29.45,31.64,,No sub-annual data available,13,2,0.375,5.506,-0.3780000000000001,-0.08300000000000018,-0.673,-0.07371294851794073,5.017,0.10539922456186433
2017,annual,ICT,Software Development,Mobile App Developer,Applications programmers,trackable analytical role,43414.0,1.45,2989249.0,31.1,25.7,17.3,1521482.0,29.45,5.017,2178.1,2014,NISR Labour Force Survey microdata,1,31.64,32.88,,No sub-annual data available,13,3,0.4375,5.128,-0.11099999999999977,-0.4889999999999999,0.26700000000000035,-0.022124775762407765,4.92,0.1353352832366127
2018,annual,ICT,Software Development,Mobile App Developer,Applications programmers,trackable analytical role,69289.0,2.16,3207336.0,31.8,27.0,15.1,1667810.0,31.64,4.92,3409.0,2014,NISR Labour Force Survey microdata,1,32.88,32.31,,No sub-annual data available,13,4,0.5,5.017,-0.09700000000000042,-0.20800000000000018,0.013999999999999346,-0.01971544715447163,4.863,0.17377394345044514
2019,annual,ICT,Software Development,Mobile App Developer,Applications programmers,trackable analytical role,96982.0,2.96,3273921.0,31.6,26.8,15.2,1762786.0,32.88,4.863,4716.2,2014,NISR Labour Force Survey microdata,1,32.31,31.58,,No sub-annual data available,13,5,0.5625,4.92,-0.056999999999999496,-0.15399999999999991,0.040000000000000924,-0.011721159777914762,4.7,0.22313016014842982
2020,annual,ICT,Software Development,Mobile App Developer,Applications programmers,trackable analytical role,91821.0,2.63,3495187.0,34.1,28.0,17.9,1810012.0,32.31,4.7,4315.6,2014,NISR Labour Force Survey microdata,1,31.58,32.33,,No sub-annual data available,13,6,0.625,4.863,-0.16300000000000026,-0.21999999999999975,-0.10600000000000076,-0.03468085106382984,4.556,0.2865047968601901
2021,annual,ICT,Software Development,Mobile App Developer,Applications programmers,trackable analytical role,54640.0,1.65,3308800.0,32.8,25.9,21.1,1534993.0,31.58,4.556,2489.4,2014,NISR Labour Force Survey microdata,1,32.33,33.99,,No sub-annual data available,13,7,0.6875,4.7,-0.14400000000000013,-0.3070000000000004,0.019000000000000128,-0.0316066725197542,4.537,0.36787944117144233
2022,annual,ICT,Software Development,Mobile App Developer,Applications programmers,trackable analytical role,85785.0,2.4,3568275.0,34.4,27.3,20.7,1658214.0,32.33,4.537,3892.1,2014,NISR Labour Force Survey microdata,1,33.99,34.46,,No sub-annual data available,13,8,0.75,4.556,-0.019000000000000128,-0.16300000000000026,0.125,-0.0041877892880758496,4.615,0.4723665527410147
2023,annual,ICT,Software Development,Mobile App Developer,Applications programmers,trackable analytical role,136289.0,3.42,3985164.0,36.1,29.8,17.3,1981482.0,33.99,4.615,6289.7,2014,NISR Labour Force Survey microdata,1,34.46,33.31,,No sub-annual data available,13,9,0.8125,4.537,0.07800000000000029,0.05900000000000016,0.09700000000000042,0.016901408450704286,4.622,0.6065306597126334
2024,annual,ICT,Software Development,Mobile App Developer,Applications programmers,trackable analytical role,180399.0,4.01,4501393.0,38.7,33.0,14.9,2366916.0,34.46,4.622,8338.0,2014,NISR Labour Force Survey microdata,1,33.31,37.4,,No sub-annual data available,13,10,0.875,4.615,0.006999999999999673,0.08499999999999996,-0.07100000000000062,0.0015144958892253728,4.497,0.7788007830714049
2025,annual,ICT,Software Development,Mobile App Developer,Applications programmers,trackable analytical role,213208.0,4.4,4846623.0,39.6,34.7,12.4,2593752.0,33.31,4.497,9588.0,2014,NISR Labour Force Survey microdata,1,37.4,,,No sub-annual data available,13,11,0.9375,4.622,-0.125,-0.11800000000000033,-0.13199999999999967,-0.02779630865021125,4.123,1.0
2010,annual,ICT,Networks,Network Engineer / Network Administrator,Computer network professionals,trackable analytical role,5625.0,0.25,2250000.0,26.5,20.7,22.0,950000.0,47.17,10.766,605.6,2010,"NISR EICV/Census estimates, scaled to LFS 2017 anchor",1,47.4,48.27,,No sub-annual data available,14,0,0.0,0.0,0.0,0.0,0.0,0.0,10.95,0.023517745856009107
2011,annual,ICT,Networks,Network Engineer / Network Administrator,Computer network professionals,trackable analytical role,7440.0,0.32,2325000.0,27.0,21.3,21.5,1000000.0,47.4,10.95,814.7,2010,"NISR EICV/Census estimates, scaled to LFS 2017 anchor",1,48.27,48.53,,No sub-annual data available,14,1,0.0625,10.766,0.18399999999999928,0.0,0.0,0.016803652968036466,11.107,0.0301973834223185
2012,annual,ICT,Networks,Network Engineer / Network Administrator,Computer network professionals,trackable analytical role,9600.0,0.4,2400000.0,27.5,21.7,21.0,1060000.0,48.27,11.107,1066.3,2010,"NISR EICV/Census estimates, scaled to LFS 2017 anchor",1,48.53,47.77,,No sub-annual data available,14,2,0.125,10.95,0.15700000000000003,0.3409999999999993,-0.026999999999999247,0.014135230035112994,11.035,0.03877420783172201
2013,annual,ICT,Networks,Network Engineer / Network Administrator,Computer network professionals,trackable analytical role,12375.0,0.5,2475000.0,28.0,22.3,20.5,1120000.0,48.53,11.035,1365.6,2010,"NISR EICV/Census estimates, scaled to LFS 2017 anchor",1,47.77,47.12,,No sub-annual data available,14,3,0.1875,11.107,-0.07199999999999918,0.08500000000000085,-0.2289999999999992,-0.006524694154961411,9.469,0.049787068367863944
2014,annual,ICT,Networks,Network Engineer / Network Administrator,Computer network professionals,trackable analytical role,15810.0,0.62,2550000.0,28.5,22.8,20.0,1190000.0,47.77,9.469,1497.0,2010,"NISR EICV/Census estimates, scaled to LFS 2017 anchor",1,47.12,47.53,,No sub-annual data available,14,4,0.25,11.035,-1.5660000000000007,-1.638,-1.4940000000000015,-0.16538177209842653,9.356,0.06392786120670757
2015,annual,ICT,Networks,Network Engineer / Network Administrator,Computer network professionals,trackable analytical role,19988.0,0.76,2630000.0,29.2,23.7,19.0,1270000.0,47.12,9.356,1870.1,2010,"NISR EICV/Census estimates, scaled to LFS 2017 anchor",1,47.53,48.39,,No sub-annual data available,14,5,0.3125,9.469,-0.11299999999999955,-1.6790000000000003,1.4530000000000012,-0.012077811030354805,8.652,0.0820849986238988
2016,annual,ICT,Networks,Network Engineer / Network Administrator,Computer network professionals,trackable analytical role,25745.0,0.95,2710000.0,30.0,24.6,18.0,1370000.0,47.53,8.652,2227.5,2010,"NISR EICV/Census estimates, scaled to LFS 2017 anchor",1,48.39,48.46,,No sub-annual data available,14,6,0.375,9.356,-0.7040000000000006,-0.8170000000000002,-0.5910000000000011,-0.08136846971798437,8.243,0.10539922456186433
2017,annual,ICT,Networks,Network Engineer / Network Administrator,Computer network professionals,trackable analytical role,43414.0,1.45,2989249.0,31.1,25.7,17.3,1521482.0,48.39,8.243,3578.6,2010,NISR Labour Force Survey microdata,1,48.46,47.61,,No sub-annual data available,14,7,0.4375,8.652,-0.4089999999999989,-1.1129999999999995,0.2950000000000017,-0.049617857576125066,7.536,0.1353352832366127
2018,annual,ICT,Networks,Network Engineer / Network Administrator,Computer network professionals,trackable analytical role,69289.0,2.16,3207336.0,31.8,27.0,15.1,1667810.0,48.46,7.536,5221.6,2010,NISR Labour Force Survey microdata,1,47.61,47.11,,No sub-annual data available,14,8,0.5,8.243,-0.7070000000000007,-1.1159999999999997,-0.2980000000000018,-0.09381634819532919,7.042,0.17377394345044514
2019,annual,ICT,Networks,Network Engineer / Network Administrator,Computer network professionals,trackable analytical role,96982.0,2.96,3273921.0,31.6,26.8,15.2,1762786.0,47.61,7.042,6829.5,2010,NISR Labour Force Survey microdata,1,47.11,47.68,,No sub-annual data available,14,9,0.5625,7.536,-0.4939999999999998,-1.2010000000000005,0.21300000000000097,-0.07015052541891505,6.853,0.22313016014842982
2020,annual,ICT,Networks,Network Engineer / Network Administrator,Computer network professionals,trackable analytical role,91821.0,2.63,3495187.0,34.1,28.0,17.9,1810012.0,47.11,6.853,6292.5,2010,NISR Labour Force Survey microdata,1,47.68,48.48,,No sub-annual data available,14,10,0.625,7.042,-0.18900000000000006,-0.6829999999999998,0.3049999999999997,-0.027579162410623095,6.879,0.2865047968601901
2021,annual,ICT,Networks,Network Engineer / Network Administrator,Computer network professionals,trackable analytical role,54640.0,1.65,3308800.0,32.8,25.9,21.1,1534993.0,47.68,6.879,3758.7,2010,NISR Labour Force Survey microdata,1,48.48,48.36,,No sub-annual data available,14,11,0.6875,6.853,0.0259999999999998,-0.16300000000000026,0.21499999999999986,0.003779619130687571,6.804,0.36787944117144233
2022,annual,ICT,Networks,Network Engineer / Network Administrator,Computer network professionals,trackable analytical role,85785.0,2.4,3568275.0,34.4,27.3,20.7,1658214.0,48.48,6.804,5836.8,2010,NISR Labour Force Survey microdata,1,48.36,47.47,,No sub-annual data available,14,12,0.75,6.879,-0.07499999999999929,-0.04899999999999949,-0.10099999999999909,-0.011022927689594252,6.565,0.4723665527410147
2023,annual,ICT,Networks,Network Engineer / Network Administrator,Computer network professionals,trackable analytical role,136289.0,3.42,3985164.0,36.1,29.8,17.3,1981482.0,48.36,6.565,8947.4,2010,NISR Labour Force Survey microdata,1,47.47,47.14,,No sub-annual data available,14,13,0.8125,6.804,-0.23899999999999988,-0.31399999999999917,-0.1640000000000006,-0.03640517897943638,6.366,0.6065306597126334
2024,annual,ICT,Networks,Network Engineer / Network Administrator,Computer network professionals,trackable analytical role,180399.0,4.01,4501393.0,38.7,33.0,14.9,2366916.0,47.47,6.366,11484.2,2010,NISR Labour Force Survey microdata,1,47.14,50.0,,No sub-annual data available,14,14,0.875,6.565,-0.19900000000000073,-0.4380000000000006,0.03999999999999915,-0.03125981778196681,6.365,0.7788007830714049
2025,annual,ICT,Networks,Network Engineer / Network Administrator,Computer network professionals,trackable analytical role,213208.0,4.4,4846623.0,39.6,34.7,12.4,2593752.0,47.14,6.365,13570.7,2010,NISR Labour Force Survey microdata,1,50.0,,,No sub-annual data available,14,15,0.9375,6.366,-0.0009999999999994458,-0.20000000000000018,0.19800000000000129,-0.00015710919088757986,5.52,1.0
2010,annual,ICT,Other ICT,Other ICT Technical Roles,Related ICT occupation groups,trackable analytical role,5625.0,0.25,2250000.0,26.5,20.7,22.0,950000.0,17.69,4.039,227.2,2010,"NISR EICV/Census estimates, scaled to LFS 2017 anchor",1,17.4,17.98,,No sub-annual data available,15,0,0.0,0.0,0.0,0.0,0.0,0.0,4.02,0.023517745856009107
2011,annual,ICT,Other ICT,Other ICT Technical Roles,Related ICT occupation groups,trackable analytical role,7440.0,0.32,2325000.0,27.0,21.3,21.5,1000000.0,17.4,4.02,299.1,2010,"NISR EICV/Census estimates, scaled to LFS 2017 anchor",1,17.98,18.61,,No sub-annual data available,15,1,0.0625,4.039,-0.019000000000000128,0.0,0.0,-0.004726368159204013,4.138,0.0301973834223185
2012,annual,ICT,Other ICT,Other ICT Technical Roles,Related ICT occupation groups,trackable analytical role,9600.0,0.4,2400000.0,27.5,21.7,21.0,1060000.0,17.98,4.138,397.2,2010,"NISR EICV/Census estimates, scaled to LFS 2017 anchor",1,18.61,18.34,,No sub-annual data available,15,2,0.125,4.02,0.11800000000000033,0.0990000000000002,0.13700000000000045,0.028516191396810133,4.231,0.03877420783172201
2013,annual,ICT,Other ICT,Other ICT Technical Roles,Related ICT occupation groups,trackable analytical role,12375.0,0.5,2475000.0,28.0,22.3,20.5,1120000.0,18.61,4.231,523.6,2010,"NISR EICV/Census estimates, scaled to LFS 2017 anchor",1,18.34,17.58,,No sub-annual data available,15,3,0.1875,4.138,0.09299999999999997,0.2110000000000003,-0.025000000000000355,0.021980619238950595,3.636,0.049787068367863944
2014,annual,ICT,Other ICT,Other ICT Technical Roles,Related ICT occupation groups,trackable analytical role,15810.0,0.62,2550000.0,28.5,22.8,20.0,1190000.0,18.34,3.636,574.9,2010,"NISR EICV/Census estimates, scaled to LFS 2017 anchor",1,17.58,17.45,,No sub-annual data available,15,4,0.25,4.231,-0.5949999999999998,-0.5019999999999998,-0.6879999999999997,-0.16364136413641356,3.491,0.06392786120670757
2015,annual,ICT,Other ICT,Other ICT Technical Roles,Related ICT occupation groups,trackable analytical role,19988.0,0.76,2630000.0,29.2,23.7,19.0,1270000.0,17.58,3.491,697.8,2010,"NISR EICV/Census estimates, scaled to LFS 2017 anchor",1,17.45,18.12,,No sub-annual data available,15,5,0.3125,3.636,-0.14500000000000002,-0.7399999999999998,0.44999999999999973,-0.04153537668289889,3.176,0.0820849986238988
2016,annual,ICT,Other ICT,Other ICT Technical Roles,Related ICT occupation groups,trackable analytical role,25745.0,0.95,2710000.0,30.0,24.6,18.0,1370000.0,17.45,3.176,817.7,2010,"NISR EICV/Census estimates, scaled to LFS 2017 anchor",1,18.12,18.63,,No sub-annual data available,15,6,0.375,3.491,-0.31499999999999995,-0.45999999999999996,-0.16999999999999993,-0.09918136020151132,3.086,0.10539922456186433
2017,annual,ICT,Other ICT,Other ICT Technical Roles,Related ICT occupation groups,trackable analytical role,43414.0,1.45,2989249.0,31.1,25.7,17.3,1521482.0,18.12,3.086,1339.8,2010,NISR Labour Force Survey microdata,1,18.63,18.22,,No sub-annual data available,15,7,0.4375,3.176,-0.0900000000000003,-0.40500000000000025,0.22499999999999964,-0.02916396629941682,2.898,0.1353352832366127
2018,annual,ICT,Other ICT,Other ICT Technical Roles,Related ICT occupation groups,trackable analytical role,69289.0,2.16,3207336.0,31.8,27.0,15.1,1667810.0,18.63,2.898,2008.0,2010,NISR Labour Force Survey microdata,1,18.22,17.5,,No sub-annual data available,15,8,0.5,3.086,-0.18799999999999972,-0.278,-0.09799999999999942,-0.06487232574189086,2.695,0.17377394345044514
2019,annual,ICT,Other ICT,Other ICT Technical Roles,Related ICT occupation groups,trackable analytical role,96982.0,2.96,3273921.0,31.6,26.8,15.2,1762786.0,18.22,2.695,2613.7,2010,NISR Labour Force Survey microdata,1,17.5,17.52,,No sub-annual data available,15,9,0.5625,2.898,-0.2030000000000003,-0.391,-0.015000000000000568,-0.07532467532467543,2.545,0.22313016014842982
2020,annual,ICT,Other ICT,Other ICT Technical Roles,Related ICT occupation groups,trackable analytical role,91821.0,2.63,3495187.0,34.1,28.0,17.9,1810012.0,17.5,2.545,2336.8,2010,NISR Labour Force Survey microdata,1,17.52,18.25,,No sub-annual data available,15,10,0.625,2.695,-0.1499999999999999,-0.3530000000000002,0.05300000000000038,-0.05893909626719054,2.528,0.2865047968601901
2021,annual,ICT,Other ICT,Other ICT Technical Roles,Related ICT occupation groups,trackable analytical role,54640.0,1.65,3308800.0,32.8,25.9,21.1,1534993.0,17.52,2.528,1381.3,2010,NISR Labour Force Survey microdata,1,18.25,18.64,,No sub-annual data available,15,11,0.6875,2.545,-0.016999999999999904,-0.16699999999999982,0.133,-0.00672468354430376,2.561,0.36787944117144233
2022,annual,ICT,Other ICT,Other ICT Technical Roles,Related ICT occupation groups,trackable analytical role,85785.0,2.4,3568275.0,34.4,27.3,20.7,1658214.0,18.25,2.561,2197.0,2010,NISR Labour Force Survey microdata,1,18.64,18.09,,No sub-annual data available,15,12,0.75,2.528,0.03299999999999992,0.016000000000000014,0.04999999999999982,0.01288559156579458,2.53,0.4723665527410147
2023,annual,ICT,Other ICT,Other ICT Technical Roles,Related ICT occupation groups,trackable analytical role,136289.0,3.42,3985164.0,36.1,29.8,17.3,1981482.0,18.64,2.53,3448.1,2010,NISR Labour Force Survey microdata,1,18.09,17.43,,No sub-annual data available,15,13,0.8125,2.561,-0.03100000000000014,0.0019999999999997797,-0.06400000000000006,-0.012252964426877526,2.426,0.6065306597126334
2024,annual,ICT,Other ICT,Other ICT Technical Roles,Related ICT occupation groups,trackable analytical role,180399.0,4.01,4501393.0,38.7,33.0,14.9,2366916.0,18.09,2.426,4376.5,2010,NISR Labour Force Survey microdata,1,17.43,19.5,,No sub-annual data available,15,14,0.875,2.53,-0.10399999999999965,-0.1349999999999998,-0.07299999999999951,-0.042868920032975946,2.354,0.7788007830714049
2025,annual,ICT,Other ICT,Other ICT Technical Roles,Related ICT occupation groups,trackable analytical role,213208.0,4.4,4846623.0,39.6,34.7,12.4,2593752.0,17.43,2.354,5018.9,2010,NISR Labour Force Survey microdata,1,19.5,,,No sub-annual data available,15,15,0.9375,2.426,-0.07200000000000006,-0.1759999999999997,0.031999999999999584,-0.030586236193712854,2.154,1.0
2010,annual,ICT,Software Quality,QA / Software Test Engineer,Software and applications developers/analysts n.e.c. (proxy),historical proxy only,5625.0,0.25,2250000.0,26.5,20.7,22.0,950000.0,0.37,0.084,4.7,2016,"NISR EICV/Census estimates, scaled to LFS 2017 anchor",1,0.31,0.29,,No sub-annual data available,16,0,0.0,0.0,0.0,0.0,0.0,0.0,0.072,0.023517745856009107
2011,annual,ICT,Software Quality,QA / Software Test Engineer,Software and applications developers/analysts n.e.c. (proxy),historical proxy only,7440.0,0.32,2325000.0,27.0,21.3,21.5,1000000.0,0.31,0.072,5.4,2016,"NISR EICV/Census estimates, scaled to LFS 2017 anchor",1,0.29,0.28,,No sub-annual data available,16,0,0.0625,0.084,-0.01200000000000001,0.0,0.0,-0.16666666666666682,0.067,0.0301973834223185
2012,annual,ICT,Software Quality,QA / Software Test Engineer,Software and applications developers/analysts n.e.c. (proxy),historical proxy only,9600.0,0.4,2400000.0,27.5,21.7,21.0,1060000.0,0.29,0.067,6.4,2016,"NISR EICV/Census estimates, scaled to LFS 2017 anchor",1,0.28,0.28,,No sub-annual data available,16,0,0.125,0.072,-0.0049999999999999906,-0.017,0.00700000000000002,-0.07462686567164165,0.065,0.03877420783172201
2013,annual,ICT,Software Quality,QA / Software Test Engineer,Software and applications developers/analysts n.e.c. (proxy),historical proxy only,12375.0,0.5,2475000.0,28.0,22.3,20.5,1120000.0,0.28,0.065,8.0,2016,"NISR EICV/Census estimates, scaled to LFS 2017 anchor",1,0.28,0.26,,No sub-annual data available,16,0,0.1875,0.067,-0.0020000000000000018,-0.006999999999999992,0.002999999999999989,-0.030769230769230795,0.056,0.049787068367863944
2014,annual,ICT,Software Quality,QA / Software Test Engineer,Software and applications developers/analysts n.e.c. (proxy),historical proxy only,15810.0,0.62,2550000.0,28.5,22.8,20.0,1190000.0,0.28,0.056,8.9,2016,"NISR EICV/Census estimates, scaled to LFS 2017 anchor",1,0.26,8.0,,No sub-annual data available,16,0,0.25,0.065,-0.009000000000000001,-0.011000000000000003,-0.006999999999999999,-0.16071428571428573,0.052,0.06392786120670757
2015,annual,ICT,Software Quality,QA / Software Test Engineer,Software and applications developers/analysts n.e.c. (proxy),historical proxy only,19988.0,0.76,2630000.0,29.2,23.7,19.0,1270000.0,0.26,0.052,10.4,2016,"NISR EICV/Census estimates, scaled to LFS 2017 anchor",1,8.0,8.91,,No sub-annual data available,16,0,0.3125,0.056,-0.0040000000000000036,-0.013000000000000005,0.0049999999999999975,-0.076923076923077,1.457,0.0820849986238988
2016,annual,ICT,Software Quality,QA / Software Test Engineer,Software and applications developers/analysts n.e.c. (proxy),trackable analytical role,25745.0,0.95,2710000.0,30.0,24.6,18.0,1370000.0,8.0,1.457,375.1,2016,"NISR EICV/Census estimates, scaled to LFS 2017 anchor",1,8.91,9.95,,No sub-annual data available,16,0,0.375,0.052,1.405,1.401,1.409,0.9643102264927934,1.517,0.10539922456186433
2017,annual,ICT,Software Quality,QA / Software Test Engineer,Software and applications developers/analysts n.e.c. (proxy),trackable analytical role,43414.0,1.45,2989249.0,31.1,25.7,17.3,1521482.0,8.91,1.517,658.6,2016,NISR Labour Force Survey microdata,1,9.95,10.55,,No sub-annual data available,16,1,0.4375,1.457,0.05999999999999983,1.4649999999999999,-1.3450000000000002,0.03955174686881993,1.548,0.1353352832366127
2018,annual,ICT,Software Quality,QA / Software Test Engineer,Software and applications developers/analysts n.e.c. (proxy),trackable analytical role,69289.0,2.16,3207336.0,31.8,27.0,15.1,1667810.0,9.95,1.548,1072.6,2016,NISR Labour Force Survey microdata,1,10.55,10.5,,No sub-annual data available,16,2,0.5,1.517,0.03100000000000014,0.09099999999999997,-0.028999999999999693,0.020025839793281743,1.561,0.17377394345044514
2019,annual,ICT,Software Quality,QA / Software Test Engineer,Software and applications developers/analysts n.e.c. (proxy),trackable analytical role,96982.0,2.96,3273921.0,31.6,26.8,15.2,1762786.0,10.55,1.561,1513.9,2016,NISR Labour Force Survey microdata,1,10.5,10.42,,No sub-annual data available,16,3,0.5625,1.548,0.0129999999999999,0.04400000000000004,-0.018000000000000238,0.008327994875080014,1.527,0.22313016014842982
2020,annual,ICT,Software Quality,QA / Software Test Engineer,Software and applications developers/analysts n.e.c. (proxy),trackable analytical role,91821.0,2.63,3495187.0,34.1,28.0,17.9,1810012.0,10.5,1.527,1402.1,2016,NISR Labour Force Survey microdata,1,10.42,10.87,,No sub-annual data available,16,4,0.625,1.561,-0.03400000000000003,-0.02100000000000013,-0.04699999999999993,-0.02226588081204979,1.504,0.2865047968601901
2021,annual,ICT,Software Quality,QA / Software Test Engineer,Software and applications developers/analysts n.e.c. (proxy),trackable analytical role,54640.0,1.65,3308800.0,32.8,25.9,21.1,1534993.0,10.42,1.504,821.8,2016,NISR Labour Force Survey microdata,1,10.87,11.53,,No sub-annual data available,16,5,0.6875,1.527,-0.02299999999999991,-0.05699999999999994,0.01100000000000012,-0.015292553191489302,1.525,0.36787944117144233
2022,annual,ICT,Software Quality,QA / Software Test Engineer,Software and applications developers/analysts n.e.c. (proxy),trackable analytical role,85785.0,2.4,3568275.0,34.4,27.3,20.7,1658214.0,10.87,1.525,1308.2,2016,NISR Labour Force Survey microdata,1,11.53,11.68,,No sub-annual data available,16,6,0.75,1.504,0.020999999999999908,-0.0020000000000000018,0.04399999999999982,0.013770491803278629,1.565,0.4723665527410147
2023,annual,ICT,Software Quality,QA / Software Test Engineer,Software and applications developers/analysts n.e.c. (proxy),trackable analytical role,136289.0,3.42,3985164.0,36.1,29.8,17.3,1981482.0,11.53,1.565,2132.9,2016,NISR Labour Force Survey microdata,1,11.68,11.28,,No sub-annual data available,16,7,0.8125,1.525,0.040000000000000036,0.06099999999999994,0.019000000000000128,0.025559105431309927,1.566,0.6065306597126334
2024,annual,ICT,Software Quality,QA / Software Test Engineer,Software and applications developers/analysts n.e.c. (proxy),trackable analytical role,180399.0,4.01,4501393.0,38.7,33.0,14.9,2366916.0,11.68,1.566,2825.0,2016,NISR Labour Force Survey microdata,1,11.28,21.1,,No sub-annual data available,16,8,0.875,1.565,0.001000000000000112,0.04100000000000015,-0.038999999999999924,0.000638569604086917,1.523,0.7788007830714049
2025,annual,ICT,Software Quality,QA / Software Test Engineer,Software and applications developers/analysts n.e.c. (proxy),trackable analytical role,213208.0,4.4,4846623.0,39.6,34.7,12.4,2593752.0,11.28,1.523,3247.2,2016,NISR Labour Force Survey microdata,1,21.1,,,No sub-annual data available,16,9,0.9375,1.566,-0.04300000000000015,-0.04200000000000004,-0.04400000000000026,-0.028233749179251578,2.331,1.0
2010,annual,ICT,Software Development,Software Developer / Software Engineer,Software developers / applications programmers,trackable analytical role,5625.0,0.25,2250000.0,26.5,20.7,22.0,950000.0,100.0,22.827,1284.0,2010,"NISR EICV/Census estimates, scaled to LFS 2017 anchor",1,100.0,100.0,,No sub-annual data available,17,0,0.0,0.0,0.0,0.0,0.0,0.0,23.103,0.023517745856009107
2011,annual,ICT,Software Development,Software Developer / Software Engineer,Software developers / applications programmers,trackable analytical role,7440.0,0.32,2325000.0,27.0,21.3,21.5,1000000.0,100.0,23.103,1718.9,2010,"NISR EICV/Census estimates, scaled to LFS 2017 anchor",1,100.0,100.0,,No sub-annual data available,17,1,0.0625,22.827,0.2759999999999998,0.0,0.0,0.011946500454486421,23.011,0.0301973834223185
2012,annual,ICT,Software Development,Software Developer / Software Engineer,Software developers / applications programmers,trackable analytical role,9600.0,0.4,2400000.0,27.5,21.7,21.0,1060000.0,100.0,23.011,2209.1,2010,"NISR EICV/Census estimates, scaled to LFS 2017 anchor",1,100.0,100.0,,No sub-annual data available,17,2,0.125,23.103,-0.0920000000000023,0.1839999999999975,-0.3680000000000021,-0.003998087871018309,22.737,0.03877420783172201
2013,annual,ICT,Software Development,Software Developer / Software Engineer,Software developers / applications programmers,trackable analytical role,12375.0,0.5,2475000.0,28.0,22.3,20.5,1120000.0,100.0,22.737,2813.7,2010,"NISR EICV/Census estimates, scaled to LFS 2017 anchor",1,100.0,100.0,,No sub-annual data available,17,3,0.1875,23.011,-0.2740000000000009,-0.3660000000000032,-0.1819999999999986,-0.012050842239521525,19.822,0.049787068367863944
2014,annual,ICT,Software Development,Software Developer / Software Engineer,Software developers / applications programmers,trackable analytical role,15810.0,0.62,2550000.0,28.5,22.8,20.0,1190000.0,100.0,19.822,3133.9,2010,"NISR EICV/Census estimates, scaled to LFS 2017 anchor",1,100.0,100.0,,No sub-annual data available,17,4,0.25,22.737,-2.914999999999999,-3.189,-2.6409999999999982,-0.14705882352941171,19.854,0.06392786120670757
2015,annual,ICT,Software Development,Software Developer / Software Engineer,Software developers / applications programmers,trackable analytical role,19988.0,0.76,2630000.0,29.2,23.7,19.0,1270000.0,100.0,19.854,3968.4,2010,"NISR EICV/Census estimates, scaled to LFS 2017 anchor",1,100.0,100.0,,No sub-annual data available,17,5,0.3125,19.822,0.03200000000000003,-2.882999999999999,2.946999999999999,0.001611765891004333,18.203,0.0820849986238988
2016,annual,ICT,Software Development,Software Developer / Software Engineer,Software developers / applications programmers,trackable analytical role,25745.0,0.95,2710000.0,30.0,24.6,18.0,1370000.0,100.0,18.203,4686.4,2010,"NISR EICV/Census estimates, scaled to LFS 2017 anchor",1,100.0,100.0,,No sub-annual data available,17,6,0.375,19.854,-1.6509999999999998,-1.6189999999999998,-1.6829999999999998,-0.09069933527440531,17.035,0.10539922456186433
2017,annual,ICT,Software Development,Software Developer / Software Engineer,Software developers / applications programmers,trackable analytical role,43414.0,1.45,2989249.0,31.1,25.7,17.3,1521482.0,100.0,17.035,7395.6,2010,NISR Labour Force Survey microdata,1,100.0,100.0,,No sub-annual data available,17,7,0.4375,18.203,-1.1679999999999993,-2.818999999999999,0.48300000000000054,-0.06856471969474606,15.552,0.1353352832366127
2018,annual,ICT,Software Development,Software Developer / Software Engineer,Software developers / applications programmers,trackable analytical role,69289.0,2.16,3207336.0,31.8,27.0,15.1,1667810.0,100.0,15.552,10775.8,2010,NISR Labour Force Survey microdata,1,100.0,100.0,,No sub-annual data available,17,8,0.5,17.035,-1.4830000000000005,-2.651,-0.3150000000000013,-0.09535751028806588,14.791,0.17377394345044514
2019,annual,ICT,Software Development,Software Developer / Software Engineer,Software developers / applications programmers,trackable analytical role,96982.0,2.96,3273921.0,31.6,26.8,15.2,1762786.0,100.0,14.791,14344.6,2010,NISR Labour Force Survey microdata,1,100.0,100.0,,No sub-annual data available,17,9,0.5625,15.552,-0.7609999999999992,-2.2439999999999998,0.7220000000000013,-0.05145020620647686,14.546,0.22313016014842982
2020,annual,ICT,Software Development,Software Developer / Software Engineer,Software developers / applications programmers,trackable analytical role,91821.0,2.63,3495187.0,34.1,28.0,17.9,1810012.0,100.0,14.546,13356.3,2010,NISR Labour Force Survey microdata,1,100.0,100.0,,No sub-annual data available,17,10,0.625,14.791,-0.245000000000001,-1.0060000000000002,0.5159999999999982,-0.016843118383060705,14.428,0.2865047968601901
2021,annual,ICT,Software Development,Software Developer / Software Engineer,Software developers / applications programmers,trackable analytical role,54640.0,1.65,3308800.0,32.8,25.9,21.1,1534993.0,100.0,14.428,7883.5,2010,NISR Labour Force Survey microdata,1,100.0,100.0,,No sub-annual data available,17,11,0.6875,14.546,-0.11799999999999855,-0.36299999999999955,0.12700000000000244,-0.008178541724424629,14.035,0.36787944117144233
2022,annual,ICT,Software Development,Software Developer / Software Engineer,Software developers / applications programmers,trackable analytical role,85785.0,2.4,3568275.0,34.4,27.3,20.7,1658214.0,100.0,14.035,12039.9,2010,NISR Labour Force Survey microdata,1,100.0,100.0,,No sub-annual data available,17,12,0.75,14.428,-0.3930000000000007,-0.5109999999999992,-0.27500000000000213,-0.028001425008906355,13.576,0.4723665527410147
2023,annual,ICT,Software Development,Software Developer / Software Engineer,Software developers / applications programmers,trackable analytical role,136289.0,3.42,3985164.0,36.1,29.8,17.3,1981482.0,100.0,13.576,18502.6,2010,NISR Labour Force Survey microdata,1,100.0,100.0,,No sub-annual data available,17,13,0.8125,14.035,-0.45899999999999963,-0.8520000000000003,-0.06599999999999895,-0.033809664113140805,13.411,0.6065306597126334
2024,annual,ICT,Software Development,Software Developer / Software Engineer,Software developers / applications programmers,trackable analytical role,180399.0,4.01,4501393.0,38.7,33.0,14.9,2366916.0,100.0,13.411,24193.3,2010,NISR Labour Force Survey microdata,1,100.0,100.0,,No sub-annual data available,17,14,0.875,13.576,-0.16500000000000092,-0.6240000000000006,0.2939999999999987,-0.01230333308478122,13.502,0.7788007830714049
2025,annual,ICT,Software Development,Software Developer / Software Engineer,Software developers / applications programmers,trackable analytical role,213208.0,4.4,4846623.0,39.6,34.7,12.4,2593752.0,100.0,13.502,28787.3,2010,NISR Labour Force Survey microdata,1,100.0,,,No sub-annual data available,17,15,0.9375,13.411,0.09100000000000108,-0.07399999999999984,0.256000000000002,0.006739742260405945,11.035,1.0
2010,annual,ICT,Systems & Infrastructure,Systems Administrator,Systems administrators,trackable analytical role,5625.0,0.25,2250000.0,26.5,20.7,22.0,950000.0,43.5,9.931,558.6,2010,"NISR EICV/Census estimates, scaled to LFS 2017 anchor",1,43.63,43.87,,No sub-annual data available,18,0,0.0,0.0,0.0,0.0,0.0,0.0,10.081,0.023517745856009107
2011,annual,ICT,Systems & Infrastructure,Systems Administrator,Systems administrators,trackable analytical role,7440.0,0.32,2325000.0,27.0,21.3,21.5,1000000.0,43.63,10.081,750.0,2010,"NISR EICV/Census estimates, scaled to LFS 2017 anchor",1,43.87,43.87,,No sub-annual data available,18,1,0.0625,9.931,0.15000000000000036,0.0,0.0,0.014879476242436303,10.095,0.0301973834223185
2012,annual,ICT,Systems & Infrastructure,Systems Administrator,Systems administrators,trackable analytical role,9600.0,0.4,2400000.0,27.5,21.7,21.0,1060000.0,43.87,10.095,969.1,2010,"NISR EICV/Census estimates, scaled to LFS 2017 anchor",1,43.87,43.63,,No sub-annual data available,18,2,0.125,10.081,0.014000000000001123,0.16400000000000148,-0.13599999999999923,0.0013868251609708887,9.976,0.03877420783172201
2013,annual,ICT,Systems & Infrastructure,Systems Administrator,Systems administrators,trackable analytical role,12375.0,0.5,2475000.0,28.0,22.3,20.5,1120000.0,43.87,9.976,1234.5,2010,"NISR EICV/Census estimates, scaled to LFS 2017 anchor",1,43.63,43.51,,No sub-annual data available,18,3,0.1875,10.095,-0.11899999999999977,-0.10499999999999865,-0.1330000000000009,-0.011928628708901339,8.649,0.049787068367863944
2014,annual,ICT,Systems & Infrastructure,Systems Administrator,Systems administrators,trackable analytical role,15810.0,0.62,2550000.0,28.5,22.8,20.0,1190000.0,43.63,8.649,1367.4,2010,"NISR EICV/Census estimates, scaled to LFS 2017 anchor",1,43.51,43.67,,No sub-annual data available,18,4,0.25,9.976,-1.3270000000000017,-1.4460000000000015,-1.208000000000002,-0.1534281419817322,8.638,0.06392786120670757
2015,annual,ICT,Systems & Infrastructure,Systems Administrator,Systems administrators,trackable analytical role,19988.0,0.76,2630000.0,29.2,23.7,19.0,1270000.0,43.51,8.638,1726.6,2010,"NISR EICV/Census estimates, scaled to LFS 2017 anchor",1,43.67,43.89,,No sub-annual data available,18,5,0.3125,8.649,-0.010999999999999233,-1.338000000000001,1.3160000000000025,-0.0012734429266032916,7.95,0.0820849986238988
2016,annual,ICT,Systems & Infrastructure,Systems Administrator,Systems administrators,trackable analytical role,25745.0,0.95,2710000.0,30.0,24.6,18.0,1370000.0,43.67,7.95,2046.7,2010,"NISR EICV/Census estimates, scaled to LFS 2017 anchor",1,43.89,43.85,,No sub-annual data available,18,6,0.375,8.638,-0.6879999999999997,-0.698999999999999,-0.6770000000000005,-0.08654088050314462,7.477,0.10539922456186433
2017,annual,ICT,Systems & Infrastructure,Systems Administrator,Systems administrators,trackable analytical role,43414.0,1.45,2989249.0,31.1,25.7,17.3,1521482.0,43.89,7.477,3246.1,2010,NISR Labour Force Survey microdata,1,43.85,43.59,,No sub-annual data available,18,7,0.4375,7.95,-0.47299999999999986,-1.1609999999999996,0.21499999999999986,-0.0632606660425304,6.819,0.1353352832366127
2018,annual,ICT,Systems & Infrastructure,Systems Administrator,Systems administrators,trackable analytical role,69289.0,2.16,3207336.0,31.8,27.0,15.1,1667810.0,43.85,6.819,4724.8,2010,NISR Labour Force Survey microdata,1,43.59,43.52,,No sub-annual data available,18,8,0.5,7.477,-0.6580000000000004,-1.1310000000000002,-0.1850000000000005,-0.09649508725619597,6.448,0.17377394345044514
2019,annual,ICT,Systems & Infrastructure,Systems Administrator,Systems administrators,trackable analytical role,96982.0,2.96,3273921.0,31.6,26.8,15.2,1762786.0,43.59,6.448,6253.4,2010,NISR Labour Force Survey microdata,1,43.52,43.72,,No sub-annual data available,18,9,0.5625,6.819,-0.37099999999999955,-1.029,0.2870000000000008,-0.05753722084367238,6.33,0.22313016014842982
2020,annual,ICT,Systems & Infrastructure,Systems Administrator,Systems administrators,trackable analytical role,91821.0,2.63,3495187.0,34.1,28.0,17.9,1810012.0,43.52,6.33,5812.3,2010,NISR Labour Force Survey microdata,1,43.72,43.91,,No sub-annual data available,18,10,0.625,6.448,-0.11800000000000033,-0.4889999999999999,0.2529999999999992,-0.0186413902053713,6.308,0.2865047968601901
2021,annual,ICT,Systems & Infrastructure,Systems Administrator,Systems administrators,trackable analytical role,54640.0,1.65,3308800.0,32.8,25.9,21.1,1534993.0,43.72,6.308,3446.7,2010,NISR Labour Force Survey microdata,1,43.91,43.81,,No sub-annual data available,18,11,0.6875,6.33,-0.02200000000000024,-0.14000000000000057,0.09600000000000009,-0.003487634749524452,6.163,0.36787944117144233
2022,annual,ICT,Systems & Infrastructure,Systems Administrator,Systems administrators,trackable analytical role,85785.0,2.4,3568275.0,34.4,27.3,20.7,1658214.0,43.91,6.163,5286.9,2010,NISR Labour Force Survey microdata,1,43.81,43.56,,No sub-annual data available,18,12,0.75,6.308,-0.14499999999999957,-0.16699999999999982,-0.12299999999999933,-0.023527502839526135,5.947,0.4723665527410147
2023,annual,ICT,Systems & Infrastructure,Systems Administrator,Systems administrators,trackable analytical role,136289.0,3.42,3985164.0,36.1,29.8,17.3,1981482.0,43.81,5.947,8105.1,2010,NISR Labour Force Survey microdata,1,43.56,43.53,,No sub-annual data available,18,13,0.8125,6.163,-0.2160000000000002,-0.36099999999999977,-0.07100000000000062,-0.036320834033966735,5.842,0.6065306597126334
2024,annual,ICT,Systems & Infrastructure,Systems Administrator,Systems administrators,trackable analytical role,180399.0,4.01,4501393.0,38.7,33.0,14.9,2366916.0,43.56,5.842,10538.9,2010,NISR Labour Force Survey microdata,1,43.53,47.8,,No sub-annual data available,18,14,0.875,5.947,-0.10500000000000043,-0.3210000000000006,0.11099999999999977,-0.017973296816158925,5.878,0.7788007830714049
2025,annual,ICT,Systems & Infrastructure,Systems Administrator,Systems administrators,trackable analytical role,213208.0,4.4,4846623.0,39.6,34.7,12.4,2593752.0,43.53,5.878,12532.4,2010,NISR Labour Force Survey microdata,1,47.8,,,No sub-annual data available,18,15,0.9375,5.842,0.036000000000000476,-0.06899999999999995,0.1410000000000009,0.0061245321537938885,5.272,1.0
2010,annual,ICT,Systems Analysis,Systems Analyst / IT Business Analyst,Systems analysts,trackable analytical role,5625.0,0.25,2250000.0,26.5,20.7,22.0,950000.0,46.43,10.599,596.2,2010,"NISR EICV/Census estimates, scaled to LFS 2017 anchor",1,44.49,44.87,,No sub-annual data available,19,0,0.0,0.0,0.0,0.0,0.0,0.0,10.28,0.023517745856009107
2011,annual,ICT,Systems Analysis,Systems Analyst / IT Business Analyst,Systems analysts,trackable analytical role,7440.0,0.32,2325000.0,27.0,21.3,21.5,1000000.0,44.49,10.28,764.8,2010,"NISR EICV/Census estimates, scaled to LFS 2017 anchor",1,44.87,47.06,,No sub-annual data available,19,1,0.0625,10.599,-0.31900000000000084,0.0,0.0,-0.031031128404669345,10.326,0.0301973834223185
2012,annual,ICT,Systems Analysis,Systems Analyst / IT Business Analyst,Systems analysts,trackable analytical role,9600.0,0.4,2400000.0,27.5,21.7,21.0,1060000.0,44.87,10.326,991.3,2010,"NISR EICV/Census estimates, scaled to LFS 2017 anchor",1,47.06,47.84,,No sub-annual data available,19,2,0.125,10.28,0.04600000000000115,-0.2729999999999997,0.365000000000002,0.0044547743559946885,10.7,0.03877420783172201
2013,annual,ICT,Systems Analysis,Systems Analyst / IT Business Analyst,Systems analysts,trackable analytical role,12375.0,0.5,2475000.0,28.0,22.3,20.5,1120000.0,47.06,10.7,1324.1,2010,"NISR EICV/Census estimates, scaled to LFS 2017 anchor",1,47.84,46.04,,No sub-annual data available,19,3,0.1875,10.326,0.3739999999999988,0.41999999999999993,0.3279999999999976,0.03495327102803727,9.483,0.049787068367863944
2014,annual,ICT,Systems Analysis,Systems Analyst / IT Business Analyst,Systems analysts,trackable analytical role,15810.0,0.62,2550000.0,28.5,22.8,20.0,1190000.0,47.84,9.483,1499.3,2010,"NISR EICV/Census estimates, scaled to LFS 2017 anchor",1,46.04,44.36,,No sub-annual data available,19,4,0.25,10.7,-1.2169999999999987,-0.843,-1.5909999999999975,-0.12833491511125159,9.141,0.06392786120670757
2015,annual,ICT,Systems Analysis,Systems Analyst / IT Business Analyst,Systems analysts,trackable analytical role,19988.0,0.76,2630000.0,29.2,23.7,19.0,1270000.0,46.04,9.141,1827.1,2010,"NISR EICV/Census estimates, scaled to LFS 2017 anchor",1,44.36,45.19,,No sub-annual data available,19,5,0.3125,9.483,-0.3420000000000005,-1.5589999999999993,0.8749999999999982,-0.037413849688217975,8.075,0.0820849986238988
2016,annual,ICT,Systems Analysis,Systems Analyst / IT Business Analyst,Systems analysts,trackable analytical role,25745.0,0.95,2710000.0,30.0,24.6,18.0,1370000.0,44.36,8.075,2078.9,2010,"NISR EICV/Census estimates, scaled to LFS 2017 anchor",1,45.19,47.37,,No sub-annual data available,19,6,0.375,9.141,-1.0660000000000007,-1.4080000000000013,-0.7240000000000002,-0.1320123839009289,7.698,0.10539922456186433
2017,annual,ICT,Systems Analysis,Systems Analyst / IT Business Analyst,Systems analysts,trackable analytical role,43414.0,1.45,2989249.0,31.1,25.7,17.3,1521482.0,45.19,7.698,3342.0,2010,NISR Labour Force Survey microdata,1,47.37,47.68,,No sub-annual data available,19,7,0.4375,8.075,-0.3769999999999989,-1.4429999999999996,0.6890000000000018,-0.04897375941803051,7.367,0.1353352832366127
2018,annual,ICT,Systems Analysis,Systems Analyst / IT Business Analyst,Systems analysts,trackable analytical role,69289.0,2.16,3207336.0,31.8,27.0,15.1,1667810.0,47.37,7.367,5104.5,2010,NISR Labour Force Survey microdata,1,47.68,45.65,,No sub-annual data available,19,8,0.5,7.698,-0.3310000000000004,-0.7079999999999993,0.04599999999999849,-0.04493009366092038,7.053,0.17377394345044514
2019,annual,ICT,Systems Analysis,Systems Analyst / IT Business Analyst,Systems analysts,trackable analytical role,96982.0,2.96,3273921.0,31.6,26.8,15.2,1762786.0,47.68,7.053,6840.1,2010,NISR Labour Force Survey microdata,1,45.65,44.31,,No sub-annual data available,19,9,0.5625,7.367,-0.31400000000000006,-0.6450000000000005,0.017000000000000348,-0.0445200623848008,6.641,0.22313016014842982
2020,annual,ICT,Systems Analysis,Systems Analyst / IT Business Analyst,Systems analysts,trackable analytical role,91821.0,2.63,3495187.0,34.1,28.0,17.9,1810012.0,45.65,6.641,6097.8,2010,NISR Labour Force Survey microdata,1,44.31,45.54,,No sub-annual data available,19,10,0.625,7.053,-0.4119999999999999,-0.726,-0.09799999999999986,-0.06203884957084775,6.393,0.2865047968601901
2021,annual,ICT,Systems Analysis,Systems Analyst / IT Business Analyst,Systems analysts,trackable analytical role,54640.0,1.65,3308800.0,32.8,25.9,21.1,1534993.0,44.31,6.393,3493.1,2010,NISR Labour Force Survey microdata,1,45.54,47.63,,No sub-annual data available,19,11,0.6875,6.641,-0.24800000000000022,-0.6600000000000001,0.1639999999999997,-0.038792429219458816,6.392,0.36787944117144233
2022,annual,ICT,Systems Analysis,Systems Analyst / IT Business Analyst,Systems analysts,trackable analytical role,85785.0,2.4,3568275.0,34.4,27.3,20.7,1658214.0,45.54,6.392,5483.4,2010,NISR Labour Force Survey microdata,1,47.63,47.45,,No sub-annual data available,19,12,0.75,6.393,-0.0009999999999994458,-0.24899999999999967,0.24700000000000077,-0.00015644555694609602,6.466,0.4723665527410147
2023,annual,ICT,Systems Analysis,Systems Analyst / IT Business Analyst,Systems analysts,trackable analytical role,136289.0,3.42,3985164.0,36.1,29.8,17.3,1981482.0,47.63,6.466,8812.4,2010,NISR Labour Force Survey microdata,1,47.45,45.3,,No sub-annual data available,19,13,0.8125,6.392,0.07399999999999984,0.0730000000000004,0.07499999999999929,0.011444478812248662,6.364,0.6065306597126334
2024,annual,ICT,Systems Analysis,Systems Analyst / IT Business Analyst,Systems analysts,trackable analytical role,180399.0,4.01,4501393.0,38.7,33.0,14.9,2366916.0,47.45,6.364,11480.6,2010,NISR Labour Force Survey microdata,1,45.3,49.3,,No sub-annual data available,19,14,0.875,6.466,-0.10200000000000031,-0.02800000000000047,-0.17600000000000016,-0.016027655562539333,6.116,0.7788007830714049
2025,annual,ICT,Systems Analysis,Systems Analyst / IT Business Analyst,Systems analysts,trackable analytical role,213208.0,4.4,4846623.0,39.6,34.7,12.4,2593752.0,45.3,6.116,13039.8,2010,NISR Labour Force Survey microdata,1,49.3,,,No sub-annual data available,19,15,0.9375,6.364,-0.24800000000000022,-0.35000000000000053,-0.1459999999999999,-0.04054937867887512,5.438,1.0
